,Plant Name,Season,Plant Type,State,Picture Link,Blooms,Zones,Sun Needs,Soil Needs,Features,Deer resistant,Good for cut flowers,Tolerates heat,Tolerate frost,Non-invasive,Attract bees,Attract butterflies,Attracts beneficial insect,Attracts hummingbirds,Good for pressed flowers,Alabama,Alaska,Arizona,Arkansas,California,Colorado,Connecticut,Delaware,Florida,Georgia,Hawaii,Idaho,Illinois,Indiana,Iowa,Kansas,Kentucky,Louisiana,Maine,Maryland,Massachusetts,Michigan,Minnesota,Mississippi,Missouri,Montana,Nebraska,Nevada,New Hampshire,New Jersey,New Mexico,New york,North Carolina,North Dakota,Ohio,Oklahoma,Oregon,Pennsylvania,Rhode Island,South Carolina,South Dakota,Tennessee,Texas,Utah,Vermont,Virginia,Washington,West Virginia,Wisconsin,Wyoming,NewHampshire,NewJersey,NewMexico,NewYork,NorthCarolina,NorthDakota,RhodeIsland,SouthCarolina,WestVirginia
0,Aconite,Spring,Flower,,https://www.proflowers.com/blog/wp-content/plugins/pf-flowertypes/image/winter-aconite-720790.jpg,EarlyÂ Spring,4 --9,PartialÂ Shade,Well-drained,Deer resistant,1,,,,,,,,,,1,1,1,1,1,1,1,1,1,1,1,1,1,1,1,1,1,1,1,1,1,1,1,1,1,1,1,1,0,0,0,0,0,0,1,1,1,1,0,0,0,1,1,1,1,1,1,0,1,1,1,1,1,1,1,1,1,1,1
1,Ageratum,Summer,Flower,,https://www.proflowers.com/blog/wp-content/plugins/pf-flowertypes/image/ageratum-773201.jpg, Mid Summer,5 --9,Full Sunâ€‰/â€‰PartialÂ Shade,Well-drained,Good for cutÂ flowers,,1,,,,,,,,,1,1,1,1,1,1,1,1,1,1,1,1,1,1,1,1,1,1,1,1,1,1,1,1,1,1,1,1,0,0,0,0,0,0,1,1,1,1,0,0,0,1,1,1,1,1,1,0,1,1,1,1,1,1,1,1,1,1,1
2,Allium,Spring,Flower,,https://www.proflowers.com/blog/wp-content/plugins/pf-flowertypes/image/purple-882161.jpg,LateÂ Spring ,3 --10,Full Sun,Well-drained,Good for cutÂ flowers,,1,,,,,,,,,1,1,1,1,1,1,1,1,1,1,1,1,1,1,1,1,1,1,1,1,1,1,1,1,1,1,1,1,0,0,0,0,0,0,1,1,1,1,0,0,0,1,1,1,1,1,1,0,1,1,1,1,1,1,1,1,1,1,1
3,Anemone,Spring,Flower,,https://www.proflowers.com/blog/wp-content/plugins/pf-flowertypes/image/summer-anemone-224501.jpg,Mid Spring ,3 --9,Full Sunâ€‰/â€‰PartialÂ Shade,"Well-drained, High fertility",Deer resistant,1,,,,,,,,,,1,1,1,1,1,1,1,1,1,1,1,1,1,1,1,1,1,1,1,1,1,1,1,1,1,1,1,1,0,0,0,0,0,0,1,1,1,1,0,0,0,1,1,1,1,1,1,0,1,1,1,1,1,1,1,1,1,1,1
4,Angelica,Summer,Flower,,https://www.proflowers.com/blog/wp-content/plugins/pf-flowertypes/image/angelica-400956.jpg,Entire Summer,4 --9,PartialÂ Shadeâ€‰/â€‰Full Shade,"Well-drained, High fertility",Deer resistant,1,,,,,,,,,,1,1,1,1,1,1,1,1,1,1,1,1,1,1,1,1,1,1,1,1,1,1,1,1,1,1,1,1,0,0,0,0,0,0,1,1,1,1,0,0,0,1,1,1,1,1,1,0,1,1,1,1,1,1,1,1,1,1,1
5,Angelonia,Summer,Flower,,https://www.proflowers.com/blog/wp-content/plugins/pf-flowertypes/image/2826831993-e747eb6b05-b.jpg, Mid Summer,9 --11,Full Sun,Damp,Tolerates heat,,,1,,,,,,,,1,0,1,0,1,0,0,0,1,1,1,0,0,0,0,0,0,1,0,0,0,0,0,1,0,0,0,1,0,0,0,0,0,0,0,0,1,0,0,0,0,0,1,1,0,0,1,0,0,0,,,1,,,,,1,
6,Artemisia,Summer,Flower,,https://www.proflowers.com/blog/wp-content/plugins/pf-flowertypes/image/artemisia-vulgaris-848743.jpg,LateÂ Summer,6 --8,Full Sun,Well-drained,Non-invasive,,,,,1,,,,,,1,1,1,1,1,1,1,1,1,1,0,1,1,1,1,1,1,1,1,1,1,1,0,1,1,1,0,1,0,0,0,0,0,0,1,1,1,1,0,0,0,1,1,1,0,1,1,0,1,0,1,1,1,1,1,,1,1,1
7,Aster,Spring,Flower,,https://www.proflowers.com/blog/wp-content/plugins/pf-flowertypes/image/aster-tongolensis-57764.jpg,LateÂ Spring ,4 --8,Full Sunâ€‰/â€‰PartialÂ Shade,Well-drained,Good for cutÂ flowers,,1,,,,,,,,,1,1,1,1,1,1,1,1,1,1,0,1,1,1,1,1,1,1,1,1,1,1,1,1,1,1,1,1,0,0,0,0,0,0,1,1,1,1,0,0,0,1,1,1,1,1,1,0,1,1,1,1,1,1,1,1,1,1,1
8,Astilbe,Spring,Flower,,https://www.proflowers.com/blog/wp-content/plugins/pf-flowertypes/image/prachtspiere-167249.jpg,LateÂ Spring ,4 --9,Full Sunâ€‰/â€‰PartialÂ Shade,"Well-drained, High fertility",Good for cutÂ flowers,,1,,,,,,,,,1,1,1,1,1,1,1,1,1,1,1,1,1,1,1,1,1,1,1,1,1,1,1,1,1,1,1,1,0,0,0,0,0,0,1,1,1,1,0,0,0,1,1,1,1,1,1,0,1,1,1,1,1,1,1,1,1,1,1
9,Aubrieta,Spring,Flower,,https://www.proflowers.com/blog/wp-content/plugins/pf-flowertypes/image/blue-pillow-52188.jpg,Mid Spring ,4 --9,Full Sun,"Well-drained, High fertility",Non-invasive,,,,,1,,,,,,1,1,1,1,1,1,1,1,1,1,1,1,1,1,1,1,1,1,1,1,1,1,1,1,1,1,1,1,0,0,0,0,0,0,1,1,1,1,0,0,0,1,1,1,1,1,1,0,1,1,1,1,1,1,1,1,1,1,1
10,Azalea,Spring,Flower,,https://www.proflowers.com/blog/wp-content/plugins/pf-flowertypes/image/flower-678629.jpg,Entire Spring,3 --6,PartialÂ Shade,Well-drained,Good for cutÂ flowers,,1,,,,,,,,,1,1,1,1,1,1,1,1,0,1,0,1,1,1,1,1,1,0,1,1,1,1,1,1,1,1,1,1,0,0,0,0,0,0,1,1,1,1,0,0,0,1,1,1,1,1,1,0,1,1,1,1,1,1,1,1,1,1,1
11,Balloon Flower,Summer,Flower,,https://www.proflowers.com/blog/wp-content/plugins/pf-flowertypes/image/balloon-flower-829670.jpg,Entire Summer,4 --9,Full Sunâ€‰/â€‰PartialÂ Shade,Well-drained,Deer resistant,1,,,,,,,,,,1,1,1,1,1,1,1,1,1,1,1,1,1,1,1,1,1,1,1,1,1,1,1,1,1,1,1,1,0,0,0,0,0,0,1,1,1,1,0,0,0,1,1,1,1,1,1,0,1,1,1,1,1,1,1,1,1,1,1
12,Balsam,Summer,Flower,,https://www.proflowers.com/blog/wp-content/plugins/pf-flowertypes/image/balsam-408530.jpg,EarlyÂ Summer ,3 --7,Full Sunâ€‰/â€‰PartialÂ Shade,Well-drained,Tolerates heat,,,1,,,,,,,,1,1,1,1,1,1,1,1,0,1,0,1,1,1,1,1,1,0,1,1,1,1,1,1,1,1,1,1,0,0,0,0,0,0,1,1,1,1,0,0,0,1,1,1,1,1,1,0,1,1,1,1,1,1,1,1,1,1,1
13,Baneberry,Spring,Flower,,https://www.proflowers.com/blog/wp-content/plugins/pf-flowertypes/image/actaea-spicata-baneberry.jpg,LateÂ Spring,3 --9,PartialÂ Shadeâ€‰/â€‰Full Shade,Well-drained,Non-invasive,,,,,1,,,,,,1,1,1,1,1,1,1,1,1,1,1,1,1,1,1,1,1,1,1,1,1,1,1,1,1,1,1,1,0,0,0,0,0,0,1,1,1,1,0,0,0,1,1,1,1,1,1,0,1,1,1,1,1,1,1,1,1,1,1
14,Basket of Gold,Spring,Flower,,https://www.proflowers.com/blog/wp-content/plugins/pf-flowertypes/image/flowers-882835-640.jpg,LateÂ Spring ,4 --8,Full Sun,Well-drained,Deer resistant,1,,,,,,,,,,1,1,1,1,1,1,1,1,1,1,0,1,1,1,1,1,1,1,1,1,1,1,1,1,1,1,1,1,0,0,0,0,0,0,1,1,1,1,0,0,0,1,1,1,1,1,1,0,1,1,1,1,1,1,1,1,1,1,1
15,Bee Balm,Summer,Flower,,https://www.proflowers.com/blog/wp-content/plugins/pf-flowertypes/image/bee-balm-1043110.jpg, Mid Summer,4 --9,Full Sunâ€‰/â€‰PartialÂ Shade,Damp,"Attracts bees, butterflies",,,,,,1,1,,,,1,1,1,1,1,1,1,1,1,1,1,1,1,1,1,1,1,1,1,1,1,1,1,1,1,1,1,1,0,0,0,0,0,0,1,1,1,1,0,0,0,1,1,1,1,1,1,0,1,1,1,1,1,1,1,1,1,1,1
16,Begonia,Spring,Flower,,https://www.proflowers.com/blog/wp-content/plugins/pf-flowertypes/image/flower-788969.jpg,LateÂ Spring ,8 --10,Full Sunâ€‰/â€‰PartialÂ Shade,Well-drained,Deer resistant,1,,,,,,,,,,1,1,1,1,1,0,0,0,1,1,1,0,0,0,0,0,0,1,0,1,0,0,0,1,0,0,0,1,0,0,0,0,0,0,0,1,1,0,0,0,0,1,1,1,0,1,1,0,0,0,,,1,,1,,,1,
17,Bellflower,Summer,Flower,,https://www.proflowers.com/blog/wp-content/plugins/pf-flowertypes/image/bellflower-296124.jpg,EarlyÂ Summer,3 --8,Full Sunâ€‰/â€‰PartialÂ Shade,Well-drained,Good for cutÂ flowers,,1,,,,,,,,,1,1,1,1,1,1,1,1,1,1,0,1,1,1,1,1,1,1,1,1,1,1,1,1,1,1,1,1,0,0,0,0,0,0,1,1,1,1,0,0,0,1,1,1,1,1,1,0,1,1,1,1,1,1,1,1,1,1,1
18,Bergenia,Spring,Flower,,https://www.proflowers.com/blog/wp-content/plugins/pf-flowertypes/image/bergenia-407884.jpg,Entire Spring,3 --8,Full Sunâ€‰/â€‰PartialÂ Shade,Damp,Deer resistant,1,,,,,,,,,,1,1,1,1,1,1,1,1,1,1,0,1,1,1,1,1,1,1,1,1,1,1,1,1,1,1,1,1,0,0,0,0,0,0,1,1,1,1,0,0,0,1,1,1,1,1,1,0,1,1,1,1,1,1,1,1,1,1,1
19,Blackeyed Susan,Summer,Flower,,https://www.proflowers.com/blog/wp-content/plugins/pf-flowertypes/image/black-eyed-susan-334122.jpg,LateÂ Summer ,3 --9,Full Sun,Well-drained,Good for cutÂ flowers,,1,,,,,,,,,1,1,1,1,1,1,1,1,1,1,1,1,1,1,1,1,1,1,1,1,1,1,1,1,1,1,1,1,0,0,0,0,0,0,1,1,1,1,0,0,0,1,1,1,1,1,1,0,1,1,1,1,1,1,1,1,1,1,1
20,Bleeding Heart,Spring,Flower,,https://www.proflowers.com/blog/wp-content/plugins/pf-flowertypes/image/plant-859459.jpg,LateÂ Spring ,3 --9,PartialÂ Shade,"Well-drained, Damp",Good for cutÂ flowers,,1,,,,,,,,,1,1,1,1,1,1,1,1,1,1,1,1,1,1,1,1,1,1,1,1,1,1,1,1,1,1,1,1,0,0,0,0,0,0,1,1,1,1,0,0,0,1,1,1,1,1,1,0,1,1,1,1,1,1,1,1,1,1,1
21,Bloodroot,Spring,Flower,,https://www.proflowers.com/blog/wp-content/plugins/pf-flowertypes/image/flower-554511.jpg,EarlyÂ Spring,3 --9,PartialÂ Shadeâ€‰/â€‰Full Shade,Well-drained,Non-invasive,,,,,1,,,,,,1,1,1,1,1,1,1,1,1,1,1,1,1,1,1,1,1,1,1,1,1,1,1,1,1,1,1,1,0,0,0,0,0,0,1,1,1,1,0,0,0,1,1,1,1,1,1,0,1,1,1,1,1,1,1,1,1,1,1
22,Boneset,Summer,Flower,,https://www.proflowers.com/blog/wp-content/plugins/pf-flowertypes/image/eupatorium-perfoliatum-sca-04381.jpg,LateÂ Summer ,4 --9,Full Sunâ€‰/â€‰PartialÂ Shade,Well-drained,"Attracts bees, butterflies",,,,,,1,1,,,,1,1,1,1,1,1,1,1,1,1,1,1,1,1,1,1,1,1,1,1,1,1,1,1,1,1,1,1,0,0,0,0,0,0,1,1,1,1,0,0,0,1,1,1,1,1,1,0,1,1,1,1,1,1,1,1,1,1,1
23,Browallia,Summer,Flower,,https://www.proflowers.com/blog/wp-content/plugins/pf-flowertypes/image/img-7246-browallia-speciosa.jpg, Mid Summer,2 --11,PartialÂ Shadeâ€‰/â€‰Full Shade,Well-drained,Attracts humingbirds,,,,,,,,,1,,1,1,1,1,1,1,1,1,1,1,1,1,1,1,1,1,1,1,1,1,1,1,1,1,1,1,1,1,0,0,0,0,0,0,1,1,1,1,0,0,0,1,1,1,1,1,1,0,1,1,1,1,1,1,1,1,1,1,1
24,Bugleweed,Spring,Flower,,https://www.proflowers.com/blog/wp-content/plugins/pf-flowertypes/image/ajuga-reptans-846545.jpg,LateÂ Spring ,3 --9,PartialÂ Shadeâ€‰/â€‰Full Shade,Well-drained,Tolerates heat,,,1,,,,,,,,1,1,1,1,1,1,1,1,1,1,1,1,1,1,1,1,1,1,1,1,1,1,1,1,1,1,1,1,0,0,0,0,0,0,1,1,1,1,0,0,0,1,1,1,1,1,1,0,1,1,1,1,1,1,1,1,1,1,1
25,Bugloss,Summer,Flower,,https://www.proflowers.com/blog/wp-content/plugins/pf-flowertypes/image/blue-87504.jpg,Entire Summer,3 --8,All Sun Types,Well-drained,Non-invasive,,,,,1,,,,,,1,1,1,1,1,1,1,1,1,1,0,1,1,1,1,1,1,1,1,1,1,1,1,1,1,1,1,1,0,0,0,0,0,0,1,1,1,1,0,0,0,1,1,1,1,1,1,0,1,1,1,1,1,1,1,1,1,1,1
26,Buttercup,Spring,Flower,,https://www.proflowers.com/blog/wp-content/plugins/pf-flowertypes/image/buttercup-841225.jpg,LateÂ Spring ,3 --8,Full Sunâ€‰/â€‰PartialÂ Shade,Well-drained,Non-invasive,,,,,1,,,,,,1,1,1,1,1,1,1,1,1,1,0,1,1,1,1,1,1,1,1,1,1,1,1,1,1,1,1,1,0,0,0,0,0,0,1,1,1,1,0,0,0,1,1,1,1,1,1,0,1,1,1,1,1,1,1,1,1,1,1
27,Butterfly Weed,Summer,Flower,,https://www.proflowers.com/blog/wp-content/plugins/pf-flowertypes/image/butterfly-weed-50188.jpg, Mid Summer,4 --9,Full Sun,Well-drained,Good for cutÂ flowers,,1,,,,,,,,,1,1,1,1,1,1,1,1,1,1,1,1,1,1,1,1,1,1,1,1,1,1,1,1,1,1,1,1,0,0,0,0,0,0,1,1,1,1,0,0,0,1,1,1,1,1,1,0,1,1,1,1,1,1,1,1,1,1,1
28,Caladium,Spring,Flower,,https://www.proflowers.com/blog/wp-content/plugins/pf-flowertypes/image/caladium-673899.jpg,EarlyÂ Spring ,10 --11,PartialÂ Shadeâ€‰/â€‰Full Shade,"Well-drained, Damp",Non-invasive,,,,,1,,,,,,0,0,1,0,1,0,0,0,1,0,1,0,0,0,0,0,0,1,0,0,0,0,0,0,0,0,0,1,0,0,0,0,0,0,0,0,0,0,0,0,0,0,1,0,0,0,0,0,0,0,,,,,,,,,
29,Calendula,Spring,Flower,,https://www.proflowers.com/blog/wp-content/plugins/pf-flowertypes/image/marigold-437818.jpg,LateÂ Spring ,9 --11,Full Sunâ€‰/â€‰PartialÂ Shade,Well-drained,Good for cutÂ flowers,,1,,,,,,,,,1,0,1,0,1,0,0,0,1,1,1,0,0,0,0,0,0,1,0,0,0,0,0,1,0,0,0,1,0,0,0,0,0,0,0,0,1,0,0,0,0,0,1,1,0,0,1,0,0,0,,,1,,,,,1,
30,California Poppy,Summer,Flower,,https://www.proflowers.com/blog/wp-content/plugins/pf-flowertypes/image/eschscholzia-californica-167272.jpg,EarlyÂ Summer ,5 --10,Full Sun,Well-drained,Good for cutÂ flowers,,1,,,,,,,,,1,1,1,1,1,1,1,1,1,1,1,1,1,1,1,1,1,1,1,1,1,1,1,1,1,1,1,1,0,0,0,0,0,0,1,1,1,1,0,0,0,1,1,1,1,1,1,0,1,1,1,1,1,1,1,,1,1,1
31,Canterbury Bells,Spring,Flower,,https://www.proflowers.com/blog/wp-content/plugins/pf-flowertypes/image/campanula-361364.jpg,LateÂ Spring ,5 --8,Full Sunâ€‰/â€‰PartialÂ Shade,Well-drained,Good for cutÂ flowers,,1,,,,,,,,,1,1,1,1,1,1,1,1,1,1,0,1,1,1,1,1,1,1,1,1,1,1,1,1,1,1,1,1,0,0,0,0,0,0,1,1,1,1,0,0,0,1,1,1,1,1,1,0,1,1,1,1,1,1,1,,1,1,1
32,Cardinal Flower,Summer,Flower,,https://www.proflowers.com/blog/wp-content/plugins/pf-flowertypes/image/cardinal-flower-86592.jpg, Mid Summer,2 --9,PartialÂ Shade,Damp,Attracts butterflies,,,,,,,1,,,,1,1,1,1,1,1,1,1,1,1,1,1,1,1,1,1,1,1,1,1,1,1,1,1,1,1,1,1,0,0,0,0,0,0,1,1,1,1,0,0,0,1,1,1,1,1,1,0,1,1,1,1,1,1,1,1,1,1,1
33,Carnation,Spring,Flower,,https://www.proflowers.com/blog/wp-content/plugins/pf-flowertypes/image/carnation-833383.jpg,EarlyÂ Spring ,3 --8,Full Sun,Well-drained,Good for cutÂ flowers,,1,,,,,,,,,1,1,1,1,1,1,1,1,1,1,0,1,1,1,1,1,1,1,1,1,1,1,1,1,1,1,1,1,0,0,0,0,0,0,1,1,1,1,0,0,0,1,1,1,1,1,1,0,1,1,1,1,1,1,1,1,1,1,1
34,Castor Bean,Summer,Flower,,https://www.proflowers.com/blog/wp-content/plugins/pf-flowertypes/image/red-castor-bean-leaf-941839.jpg, Mid Summer,8 --10,Full Sun,Well-drained,Deer resistant,1,,,,,,,,,,1,1,1,1,1,0,0,0,1,1,1,0,0,0,0,0,0,1,0,1,0,0,0,1,0,0,0,1,0,0,0,0,0,0,0,1,1,0,0,0,0,1,1,1,0,1,1,0,0,0,,,1,,1,,,1,
35,Catmint,Summer,Flower,,https://www.proflowers.com/blog/wp-content/plugins/pf-flowertypes/image/8929943172-e96c6bcd6f.jpg,EarlyÂ Summer,3 --8,Full Sunâ€‰/â€‰PartialÂ Shade,Dry,Attracts beneficial insects,,,,,,,,1,,,1,1,1,1,1,1,1,1,1,1,0,1,1,1,1,1,1,1,1,1,1,1,1,1,1,1,1,1,0,0,0,0,0,0,1,1,1,1,0,0,0,1,1,1,1,1,1,0,1,1,1,1,1,1,1,1,1,1,1
36,Celosia,Summer,Flower,,https://www.proflowers.com/blog/wp-content/plugins/pf-flowertypes/image/celosia-731437.jpg, Mid Summer,2 --11,Full Sunâ€‰/â€‰PartialÂ Shade,"Well-drained, High fertility",Good for cutÂ flowers,,1,,,,,,,,,1,1,1,1,1,1,1,1,1,1,1,1,1,1,1,1,1,1,1,1,1,1,1,1,1,1,1,1,0,0,0,0,0,0,1,1,1,1,0,0,0,1,1,1,1,1,1,0,1,1,1,1,1,1,1,1,1,1,1
37,Chives,Spring,Flower,,https://www.proflowers.com/blog/wp-content/plugins/pf-flowertypes/image/chives-810932.jpg,LateÂ Spring,3 --9,Full Sunâ€‰/â€‰PartialÂ Shade,Well-drained,Good for cutÂ flowers,,1,,,,,,,,,1,1,1,1,1,1,1,1,1,1,1,1,1,1,1,1,1,1,1,1,1,1,1,1,1,1,1,1,0,0,0,0,0,0,1,1,1,1,0,0,0,1,1,1,1,1,1,0,1,1,1,1,1,1,1,1,1,1,1
38,Chrysanthemum,Summer,Flower,,https://www.proflowers.com/blog/wp-content/plugins/pf-flowertypes/image/chrysanthemum-1051770.jpg, Mid Summer,3 --9,Full Sunâ€‰/â€‰PartialÂ Shade,Well-drained,Good for cutÂ flowers,,1,,,,,,,,,1,1,1,1,1,1,1,1,1,1,1,1,1,1,1,1,1,1,1,1,1,1,1,1,1,1,1,1,0,0,0,0,0,0,1,1,1,1,0,0,0,1,1,1,1,1,1,0,1,1,1,1,1,1,1,1,1,1,1
39,Clary Sage,Spring,Flower,,https://www.proflowers.com/blog/wp-content/plugins/pf-flowertypes/image/salvia-pratensis-839488.jpg,LateÂ Spring ,5 --11,Full Sunâ€‰/â€‰PartialÂ Shade,Well-drained,Good for cutÂ flowers,,1,,,,,,,,,1,1,1,1,1,1,1,1,1,1,1,1,1,1,1,1,1,1,1,1,1,1,1,1,1,1,1,1,0,0,0,0,0,0,1,1,1,1,0,0,0,1,1,1,1,1,1,0,1,1,1,1,1,1,1,,1,1,1
40,Cleome,Summer,Flower,,https://www.proflowers.com/blog/wp-content/plugins/pf-flowertypes/image/spider-flower-55027.jpg,Mid Summer,4 --11,Full Sunâ€‰/â€‰PartialÂ Shade,Well-drained,Good for cutÂ flowers,,1,,,,,,,,,1,1,1,1,1,1,1,1,1,1,1,1,1,1,1,1,1,1,1,1,1,1,1,1,1,1,1,1,0,0,0,0,0,0,1,1,1,1,0,0,0,1,1,1,1,1,1,0,1,1,1,1,1,1,1,1,1,1,1
41,Coleus,Summer,Flower,,https://www.proflowers.com/blog/wp-content/plugins/pf-flowertypes/image/nature-686480.jpg,Mid Summer,2 --11,PartialÂ Shade,Well-drained,Non-invasive,,,,,1,,,,,,1,1,1,1,1,1,1,1,1,1,1,1,1,1,1,1,1,1,1,1,1,1,1,1,1,1,1,1,0,0,0,0,0,0,1,1,1,1,0,0,0,1,1,1,1,1,1,0,1,1,1,1,1,1,1,1,1,1,1
42,Columbine,Spring,Flower,,https://www.proflowers.com/blog/wp-content/plugins/pf-flowertypes/image/columbine-831740.jpg,Mid Spring ,3 --8,Full Sunâ€‰/â€‰PartialÂ Shade,Well-drained,Good for cutÂ flowers,,1,,,,,,,,,1,1,1,1,1,1,1,1,1,1,0,1,1,1,1,1,1,1,1,1,1,1,1,1,1,1,1,1,0,0,0,0,0,0,1,1,1,1,0,0,0,1,1,1,1,1,1,0,1,1,1,1,1,1,1,1,1,1,1
43,Comfrey,Spring,Flower,,https://www.proflowers.com/blog/wp-content/plugins/pf-flowertypes/image/rough-comfrey-115169.jpg,LateÂ Spring ,3 --9,Full Sunâ€‰/â€‰PartialÂ Shade,Damp,Non-invasive,,,,,1,,,,,,1,1,1,1,1,1,1,1,1,1,1,1,1,1,1,1,1,1,1,1,1,1,1,1,1,1,1,1,0,0,0,0,0,0,1,1,1,1,0,0,0,1,1,1,1,1,1,0,1,1,1,1,1,1,1,1,1,1,1
44,Coneflower,Summer,Flower,,https://www.proflowers.com/blog/wp-content/plugins/pf-flowertypes/image/coneflowers-481005.jpg,Mid Summer,3 --9,Full Sun,Well-drained,Good for cutÂ flowers,,1,,,,,,,,,1,1,1,1,1,1,1,1,1,1,1,1,1,1,1,1,1,1,1,1,1,1,1,1,1,1,1,1,0,0,0,0,0,0,1,1,1,1,0,0,0,1,1,1,1,1,1,0,1,1,1,1,1,1,1,1,1,1,1
45,Coreopsis,Summer,Flower,,https://www.proflowers.com/blog/wp-content/plugins/pf-flowertypes/image/coreopsis-70754.jpg,LateÂ Summer ,3 --9,Full Sunâ€‰/â€‰PartialÂ Shade,Well-drained,Good for cutÂ flowers,,1,,,,,,,,,1,1,1,1,1,1,1,1,1,1,1,1,1,1,1,1,1,1,1,1,1,1,1,1,1,1,1,1,0,0,0,0,0,0,1,1,1,1,0,0,0,1,1,1,1,1,1,0,1,1,1,1,1,1,1,1,1,1,1
46,Corydalis,Summer,Flower,,https://www.proflowers.com/blog/wp-content/plugins/pf-flowertypes/image/corydalis-ambigua.jpg,EarlyÂ Summer ,5 --7,PartialÂ Shadeâ€‰/â€‰Full Shade,Well-drained,Deer resistant,1,,,,,,,,,,1,1,1,1,1,1,1,1,0,1,0,1,1,1,1,1,1,0,1,1,1,1,1,1,1,1,1,1,0,0,0,0,0,0,1,1,1,1,0,0,0,1,1,1,1,1,1,0,1,1,1,1,1,1,1,,1,1,1
47,Cosmos,Summer,Flower,,https://www.proflowers.com/blog/wp-content/plugins/pf-flowertypes/image/cosmos-flower-433424.jpg, Mid Summer,2 --11,Full Sunâ€‰/â€‰PartialÂ Shade,Well-drained,Good for cutÂ flowers,,1,,,,,,,,,1,1,1,1,1,1,1,1,1,1,1,1,1,1,1,1,1,1,1,1,1,1,1,1,1,1,1,1,0,0,0,0,0,0,1,1,1,1,0,0,0,1,1,1,1,1,1,0,1,1,1,1,1,1,1,1,1,1,1
48,Crocus,Spring,Flower,,https://www.proflowers.com/blog/wp-content/plugins/pf-flowertypes/image/spring-678225.jpg,EarlyÂ Spring,3 --8,Full Sunâ€‰/â€‰PartialÂ Shade,Well-drained,Non-invasive,,,,,1,,,,,,1,1,1,1,1,1,1,1,1,1,0,1,1,1,1,1,1,1,1,1,1,1,1,1,1,1,1,1,0,0,0,0,0,0,1,1,1,1,0,0,0,1,1,1,1,1,1,0,1,1,1,1,1,1,1,1,1,1,1
49,Crown Imperial,Spring,Flower,,https://www.proflowers.com/blog/wp-content/plugins/pf-flowertypes/image/imperial-crown-52127.jpg,Mid Spring,5 --9,Full Sun,Well-drained,Deer resistant,1,,,,,,,,,,1,1,1,1,1,1,1,1,1,1,1,1,1,1,1,1,1,1,1,1,1,1,1,1,1,1,1,1,0,0,0,0,0,0,1,1,1,1,0,0,0,1,1,1,1,1,1,0,1,1,1,1,1,1,1,1,1,1,1
50,Cushion Spurge,Spring,Flower,,https://www.proflowers.com/blog/wp-content/plugins/pf-flowertypes/image/euphorbia-epithymoides-002.jpg,Mid Spring ,4 --8,Full Sun,Well-drained,Non-invasive,,,,,1,,,,,,1,1,1,1,1,1,1,1,1,1,0,1,1,1,1,1,1,1,1,1,1,1,1,1,1,1,1,1,0,0,0,0,0,0,1,1,1,1,0,0,0,1,1,1,1,1,1,0,1,1,1,1,1,1,1,1,1,1,1
51,Cyclamen,Spring,Flower,,https://www.proflowers.com/blog/wp-content/plugins/pf-flowertypes/image/cyclamen-194431.jpg,EarlyÂ Spring,5 --9,PartialÂ Shade,Well-drained,Non-invasive,,,,,1,,,,,,1,1,1,1,1,1,1,1,1,1,1,1,1,1,1,1,1,1,1,1,1,1,1,1,1,1,1,1,0,0,0,0,0,0,1,1,1,1,0,0,0,1,1,1,1,1,1,0,1,1,1,1,1,1,1,1,1,1,1
52,Daffodil,Spring,Flower,,https://www.proflowers.com/blog/wp-content/plugins/pf-flowertypes/image/flower-661585.jpg,Entire Spring,3 --9,Full Sun,Well-drained,Good for cutÂ flowers,,1,,,,,,,,,1,1,1,1,1,1,1,1,1,1,1,1,1,1,1,1,1,1,1,1,1,1,1,1,1,1,1,1,0,0,0,0,0,0,1,1,1,1,0,0,0,1,1,1,1,1,1,0,1,1,1,1,1,1,1,1,1,1,1
53,Dahlia,Summer,Flower,,https://www.proflowers.com/blog/wp-content/plugins/pf-flowertypes/image/flower-197343.jpg, Mid Summer,8 --10,Full Sun,Well-drained,Good for cutÂ flowers,,1,,,,,,,,,1,1,1,1,1,0,0,0,1,1,1,0,0,0,0,0,0,1,0,1,0,0,0,1,0,0,0,1,0,0,0,0,0,0,0,1,1,0,0,0,0,1,1,1,0,1,1,0,0,0,,,1,,1,,,1,
54,Daisy,Summer,Flower,,https://www.proflowers.com/blog/wp-content/plugins/pf-flowertypes/image/daisies-276112.jpg, Mid Summer,2 --11,Full Sun,Well-drained,Good for cutÂ flowers,,1,,,,,,,,,1,1,1,1,1,1,1,1,1,1,1,1,1,1,1,1,1,1,1,1,1,1,1,1,1,1,1,1,0,0,0,0,0,0,1,1,1,1,0,0,0,1,1,1,1,1,1,0,1,1,1,1,1,1,1,1,1,1,1
55,Dameâ€™s Rocket,Spring,Flower,,https://www.proflowers.com/blog/wp-content/plugins/pf-flowertypes/image/dames-rocket2.jpg,LateÂ Spring ,4 --9,Full Sunâ€‰/â€‰PartialÂ Shade,Well-drained,Good for cutÂ flowers,,1,,,,,,,,,1,1,1,1,1,1,1,1,1,1,1,1,1,1,1,1,1,1,1,1,1,1,1,1,1,1,1,1,0,0,0,0,0,0,1,1,1,1,0,0,0,1,1,1,1,1,1,0,1,1,1,1,1,1,1,1,1,1,1
56,Delphinium,Summer,Flower,,https://www.proflowers.com/blog/wp-content/plugins/pf-flowertypes/image/delphinium-456347.jpg,EarlyÂ Summer ,3 --7,Full Sun,Well-drained,Good for cutÂ flowers,,1,,,,,,,,,1,1,1,1,1,1,1,1,0,1,0,1,1,1,1,1,1,0,1,1,1,1,1,1,1,1,1,1,0,0,0,0,0,0,1,1,1,1,0,0,0,1,1,1,1,1,1,0,1,1,1,1,1,1,1,1,1,1,1
57,Diascia,Summer,Flower,,https://www.proflowers.com/blog/wp-content/plugins/pf-flowertypes/image/nature-679346.jpg,EarlyÂ Summer ,8 --9,Full Sun,Well-drained,Non-invasive,,,,,1,,,,,,1,1,1,1,1,0,0,0,1,1,1,0,0,0,0,0,0,1,0,1,0,0,0,1,0,0,0,1,0,0,0,0,0,0,0,1,1,0,0,0,0,1,1,1,0,1,1,0,0,0,,,1,,1,,,1,
58,Dusty Miller,Summer,Flower,,https://www.proflowers.com/blog/wp-content/plugins/pf-flowertypes/image/plant-93460.jpg,LateÂ Summer ,8 --10,Full Sunâ€‰/â€‰PartialÂ Shade,Well-drained,Good for pressed flowers,,,,,,,,,,1,1,1,1,1,1,0,0,0,1,1,1,0,0,0,0,0,0,1,0,1,0,0,0,1,0,0,0,1,0,0,0,0,0,0,0,1,1,0,0,0,0,1,1,1,0,1,1,0,0,0,,,1,,1,,,1,
59,Dutchman's Breeches,Spring,Flower,,https://www.proflowers.com/blog/wp-content/plugins/pf-flowertypes/image/dicentra-cucullaria.jpg,Mid Spring,3 --8,PartialÂ Shade,Well-drained,Non-invasive,,,,,1,,,,,,1,1,1,1,1,1,1,1,1,1,0,1,1,1,1,1,1,1,1,1,1,1,1,1,1,1,1,1,0,0,0,0,0,0,1,1,1,1,0,0,0,1,1,1,1,1,1,0,1,1,1,1,1,1,1,1,1,1,1
60,Entire Spring Snowflake,Spring,Flower,,https://www.proflowers.com/blog/wp-content/plugins/pf-flowertypes/image/snowflake-5665.jpg,EarlyÂ Spring,4 --8,Full Sunâ€‰/â€‰PartialÂ Shade,Well-drained,Non-invasive,,,,,1,,,,,,1,1,1,1,1,1,1,1,1,1,0,1,1,1,1,1,1,1,1,1,1,1,1,1,1,1,1,1,0,0,0,0,0,0,1,1,1,1,0,0,0,1,1,1,1,1,1,0,1,1,1,1,1,1,1,1,1,1,1
61,Epimedium,Spring,Flower,,https://www.proflowers.com/blog/wp-content/plugins/pf-flowertypes/image/elfenblume-epimedium-x-versicolor.jpg,Mid Spring ,4 --8,PartialÂ Shadeâ€‰/â€‰Full Shade,Well-drained,Deer resistant,1,,,,,,,,,,1,1,1,1,1,1,1,1,1,1,0,1,1,1,1,1,1,1,1,1,1,1,1,1,1,1,1,1,0,0,0,0,0,0,1,1,1,1,0,0,0,1,1,1,1,1,1,0,1,1,1,1,1,1,1,1,1,1,1
62,Evergreen Candytuft ,Spring,Flower,,https://www.proflowers.com/blog/wp-content/plugins/pf-flowertypes/image/evergreen-candytuft-324393.jpg,Mid Spring,5 --9,Full Sun,Well-drained,Tolerates heat,,,1,,,,,,,,1,1,1,1,1,1,1,1,1,1,1,1,1,1,1,1,1,1,1,1,1,1,1,1,1,1,1,1,0,0,0,0,0,0,1,1,1,1,0,0,0,1,1,1,1,1,1,0,1,1,1,1,1,1,1,1,1,1,1
63,Fennel,Summer,Flower,,https://www.proflowers.com/blog/wp-content/plugins/pf-flowertypes/image/fennel-223059.jpg,Mid Summer,4 --9,Full Sun,Well-drained,Attracts beneficial insects,,,,,,,,1,,,1,1,1,1,1,1,1,1,1,1,1,1,1,1,1,1,1,1,1,1,1,1,1,1,1,1,1,1,0,0,0,0,0,0,1,1,1,1,0,0,0,1,1,1,1,1,1,0,1,1,1,1,1,1,1,1,1,1,1
64,Fountain Grass,Spring,Flower,,https://www.proflowers.com/blog/wp-content/plugins/pf-flowertypes/image/purple-fountain-grass-7797.jpg,LateÂ Spring ,6 --11,Full Sunâ€‰/â€‰PartialÂ Shade,Well-drained,Deer resistant,1,,,,,,,,,,1,0,1,1,1,1,1,1,1,1,1,1,1,1,1,1,1,1,1,1,1,1,0,1,1,1,0,1,0,0,0,0,0,0,1,1,1,1,0,0,0,1,1,1,0,1,1,0,0,1,1,1,1,1,1,,1,1,1
65,Foxglove,Spring,Flower,,https://www.proflowers.com/blog/wp-content/plugins/pf-flowertypes/image/thimble-397911.jpg,LateÂ Spring ,4 --8,All Sun Types,Well-drained,Good for cutÂ flowers,,1,,,,,,,,,1,1,1,1,1,1,1,1,1,1,0,1,1,1,1,1,1,1,1,1,1,1,1,1,1,1,1,1,0,0,0,0,0,0,1,1,1,1,0,0,0,1,1,1,1,1,1,0,1,1,1,1,1,1,1,1,1,1,1
66,Gaillardia,Summer,Flower,,https://www.proflowers.com/blog/wp-content/plugins/pf-flowertypes/image/gaillardia-370546.jpg,EarlyÂ Summer ,5 --9,Full Sun,Well-drained,Good for cutÂ flowers,,1,,,,,,,,,1,1,1,1,1,1,1,1,1,1,1,1,1,1,1,1,1,1,1,1,1,1,1,1,1,1,1,1,0,0,0,0,0,0,1,1,1,1,0,0,0,1,1,1,1,1,1,0,1,1,1,1,1,1,1,1,1,1,1
67,Gas Plant,Spring,Flower,,https://www.proflowers.com/blog/wp-content/plugins/pf-flowertypes/image/dictamnus-169656.jpg,LateÂ Spring ,3 --8,Full Sun,Well-drained,Deer resistant,1,,,,,,,,,,1,1,1,1,1,1,1,1,1,1,0,1,1,1,1,1,1,1,1,1,1,1,1,1,1,1,1,1,0,0,0,0,0,0,1,1,1,1,0,0,0,1,1,1,1,1,1,0,1,1,1,1,1,1,1,1,1,1,1
68,Gaura,Summer,Flower,,https://www.proflowers.com/blog/wp-content/plugins/pf-flowertypes/image/gaura-lindheimeri-cherry-brandy-2.jpg,Mid Summer,5 --10,Full Sun,Well-drained,Good for cutÂ flowers,,1,,,,,,,,,1,1,1,1,1,1,1,1,1,1,1,1,1,1,1,1,1,1,1,1,1,1,1,1,1,1,1,1,0,0,0,0,0,0,1,1,1,1,0,0,0,1,1,1,1,1,1,0,1,1,1,1,1,1,1,,1,1,1
69,Gazania,Summer,Flower,,https://www.proflowers.com/blog/wp-content/plugins/pf-flowertypes/image/gazanie-499110.jpg,EarlyÂ Summer ,8 --10,Full Sun,Well-drained,Attracts butterflies,,,,,,,1,,,,1,1,1,1,1,0,0,0,1,1,1,0,0,0,0,0,0,1,0,1,0,0,0,1,0,0,0,1,0,0,0,0,0,0,0,1,1,0,0,0,0,1,1,1,0,1,1,0,0,0,,,1,,1,,,1,
70,Geranium,Summer,Flower,,https://www.proflowers.com/blog/wp-content/plugins/pf-flowertypes/image/cranesbill-141576.jpg,EarlyÂ Summer ,4 --8,All Sun Types,Well-drained,Deer resistant,1,,,,,,,,,,1,1,1,1,1,1,1,1,1,1,0,1,1,1,1,1,1,1,1,1,1,1,1,1,1,1,1,1,0,0,0,0,0,0,1,1,1,1,0,0,0,1,1,1,1,1,1,0,1,1,1,1,1,1,1,1,1,1,1
71,Geum,Spring,Flower,,https://www.proflowers.com/blog/wp-content/plugins/pf-flowertypes/image/flower-743753.jpg,LateÂ Spring ,5 --8,All Sun Types,Well-drained,Non-invasive,,,,,1,,,,,,1,1,1,1,1,1,1,1,1,1,0,1,1,1,1,1,1,1,1,1,1,1,1,1,1,1,1,1,0,0,0,0,0,0,1,1,1,1,0,0,0,1,1,1,1,1,1,0,1,1,1,1,1,1,1,,1,1,1
72,Globe Thistle,Summer,Flower,,https://www.proflowers.com/blog/wp-content/plugins/pf-flowertypes/image/globe-thistle-53355.jpg, Mid Summer,4 --9,Full Sun,Well-drained,Attracts butterflies,,,,,,,1,,,,1,1,1,1,1,1,1,1,1,1,1,1,1,1,1,1,1,1,1,1,1,1,1,1,1,1,1,1,0,0,0,0,0,0,1,1,1,1,0,0,0,1,1,1,1,1,1,0,1,1,1,1,1,1,1,1,1,1,1
73,Glory of the Snow,Spring,Flower,,https://www.proflowers.com/blog/wp-content/plugins/pf-flowertypes/image/star-hyacinth-682369.jpg,EarlyÂ Spring,4 --9,All Sun Types,Well-drained,Non-invasive,,,,,1,,,,,,1,1,1,1,1,1,1,1,1,1,1,1,1,1,1,1,1,1,1,1,1,1,1,1,1,1,1,1,0,0,0,0,0,0,1,1,1,1,0,0,0,1,1,1,1,1,1,0,1,1,1,1,1,1,1,1,1,1,1
74,Goatsbeard,Summer,Flower,,https://www.proflowers.com/blog/wp-content/plugins/pf-flowertypes/image/forests-geibart-167247.jpg,Entire Summer,3 --9,PartialÂ Shadeâ€‰/â€‰Full Shade,Well-drained,Non-invasive,,,,,1,,,,,,1,1,1,1,1,1,1,1,1,1,1,1,1,1,1,1,1,1,1,1,1,1,1,1,1,1,1,1,0,0,0,0,0,0,1,1,1,1,0,0,0,1,1,1,1,1,1,0,1,1,1,1,1,1,1,1,1,1,1
75,Golden Marguerite,Summer,Flower,,https://www.proflowers.com/blog/wp-content/plugins/pf-flowertypes/image/golden-yellow-flowers-957729.jpg,Entire Summer,3 --7,Full Sun,Well-drained,Good for cutÂ flowers,,1,,,,,,,,,1,1,1,1,1,1,1,1,0,1,0,1,1,1,1,1,1,0,1,1,1,1,1,1,1,1,1,1,0,0,0,0,0,0,1,1,1,1,0,0,0,1,1,1,1,1,1,0,1,1,1,1,1,1,1,1,1,1,1
76,Gomphrena,Summer,Flower,,https://www.proflowers.com/blog/wp-content/plugins/pf-flowertypes/image/globe-amaranth-969222.jpg, Mid Summer,7 --10,Full Sun,Well-drained,Good for cutÂ flowers,,1,,,,,,,,,1,1,1,1,1,1,1,1,1,1,1,1,1,0,0,1,1,1,0,1,1,0,0,1,1,0,0,1,0,0,0,0,0,0,0,1,1,1,0,0,0,1,1,1,0,1,1,0,0,0,,1,1,1,1,,1,1,1
77,Heliotrope,Summer,Flower,,https://www.proflowers.com/blog/wp-content/plugins/pf-flowertypes/image/valerian-413021.jpg, Mid Summer,10 --11,All Sun Types,Well-drained,Attracts butterflies,,,,,,,1,,,,0,0,1,0,1,0,0,0,1,0,1,0,0,0,0,0,0,1,0,0,0,0,0,0,0,0,0,1,0,0,0,0,0,0,0,0,0,0,0,0,0,0,1,0,0,0,0,0,0,0,,,,,,,,,
78,Hepatica,Spring,Flower,,https://www.proflowers.com/blog/wp-content/plugins/pf-flowertypes/image/hepatica-748456.jpg,EarlyÂ Spring ,5 --8,PartialÂ Shadeâ€‰/â€‰Full Shade,Well-drained,Non-invasive,,,,,1,,,,,,1,1,1,1,1,1,1,1,1,1,0,1,1,1,1,1,1,1,1,1,1,1,1,1,1,1,1,1,0,0,0,0,0,0,1,1,1,1,0,0,0,1,1,1,1,1,1,0,1,1,1,1,1,1,1,,1,1,1
79,Hollyhock,Summer,Flower,,https://www.proflowers.com/blog/wp-content/plugins/pf-flowertypes/image/stock-rose-380072.jpg,Mid Summer,3 --9,All Sun Types,Well-drained,Non-invasive,,,,,1,,,,,,1,1,1,1,1,1,1,1,1,1,1,1,1,1,1,1,1,1,1,1,1,1,1,1,1,1,1,1,0,0,0,0,0,0,1,1,1,1,0,0,0,1,1,1,1,1,1,0,1,1,1,1,1,1,1,1,1,1,1
80,Hosta,Summer,Flower,,https://www.proflowers.com/blog/wp-content/plugins/pf-flowertypes/image/hosta-837182.jpg,Entire Summer,3 --9,PartialÂ Shadeâ€‰/â€‰Full Shade,Well-drained,Non-invasive,,,,,1,,,,,,1,1,1,1,1,1,1,1,1,1,1,1,1,1,1,1,1,1,1,1,1,1,1,1,1,1,1,1,0,0,0,0,0,0,1,1,1,1,0,0,0,1,1,1,1,1,1,0,1,1,1,1,1,1,1,1,1,1,1
81,Hyacinth,Summer,Flower,,https://www.proflowers.com/blog/wp-content/plugins/pf-flowertypes/image/hyacinth-21687.jpg,Mid Summer,4 --9,Full Sun,Well-drained,Non-invasive,,,,,1,,,,,,1,1,1,1,1,1,1,1,1,1,1,1,1,1,1,1,1,1,1,1,1,1,1,1,1,1,1,1,0,0,0,0,0,0,1,1,1,1,0,0,0,1,1,1,1,1,1,0,1,1,1,1,1,1,1,1,1,1,1
82,Hyssop,Summer,Flower,,https://www.proflowers.com/blog/wp-content/plugins/pf-flowertypes/image/hyssopus-officinalis-002.jpg, Mid Summer,3 --10,Full Sun,Well-drained,Good for cutÂ flowers,,1,,,,,,,,,1,1,1,1,1,1,1,1,1,1,1,1,1,1,1,1,1,1,1,1,1,1,1,1,1,1,1,1,0,0,0,0,0,0,1,1,1,1,0,0,0,1,1,1,1,1,1,0,1,1,1,1,1,1,1,1,1,1,1
83,Impatiens,Summer,Flower,,https://www.proflowers.com/blog/wp-content/plugins/pf-flowertypes/image/impatiens-666480.jpg,EarlyÂ Summer ,8 --10,PartialÂ Shadeâ€‰/â€‰Full Shade,Well-drained,Non-invasive,,,,,1,,,,,,1,1,1,1,1,0,0,0,1,1,1,0,0,0,0,0,0,1,0,1,0,0,0,1,0,0,0,1,0,0,0,0,0,0,0,1,1,0,0,0,0,1,1,1,0,1,1,0,0,0,,,1,,1,,,1,
84,Iris,Spring,Flower,,https://www.proflowers.com/blog/wp-content/plugins/pf-flowertypes/image/iris-639410.jpg,EarlyÂ Spring ,3 --9,All Sun Types,Well-drained,Good for cutÂ flowers,,1,,,,,,,,,1,1,1,1,1,1,1,1,1,1,1,1,1,1,1,1,1,1,1,1,1,1,1,1,1,1,1,1,0,0,0,0,0,0,1,1,1,1,0,0,0,1,1,1,1,1,1,0,1,1,1,1,1,1,1,1,1,1,1
85,Jack-in-the-Pulpit,Spring,Flower,,https://www.proflowers.com/blog/wp-content/plugins/pf-flowertypes/image/jack-in-the-pulpit-907415.jpg,Mid Spring ,4 --9,All Sun Types,Well-drained,Non-invasive,,,,,1,,,,,,1,1,1,1,1,1,1,1,1,1,1,1,1,1,1,1,1,1,1,1,1,1,1,1,1,1,1,1,0,0,0,0,0,0,1,1,1,1,0,0,0,1,1,1,1,1,1,0,1,1,1,1,1,1,1,1,1,1,1
86,Jacobâ€™s Ladder,Spring,Flower,,https://www.proflowers.com/blog/wp-content/plugins/pf-flowertypes/image/vogelaeuglein-167240.jpg,LateÂ Spring ,3 --9,All Sun Types,Well-drained,Non-invasive,,,,,1,,,,,,1,1,1,1,1,1,1,1,1,1,1,1,1,1,1,1,1,1,1,1,1,1,1,1,1,1,1,1,0,0,0,0,0,0,1,1,1,1,0,0,0,1,1,1,1,1,1,0,1,1,1,1,1,1,1,1,1,1,1
87,Lady's Mantle,Summer,Flower,,https://www.proflowers.com/blog/wp-content/plugins/pf-flowertypes/image/ladys-mantle-alchemilla-vulgaris-2816px.jpg,Entire Summer,3 --7,All Sun Types,Well-drained,Good for cutÂ flowers,,1,,,,,,,,,1,1,1,1,1,1,1,1,0,1,0,1,1,1,1,1,1,0,1,1,1,1,1,1,1,1,1,1,0,0,0,0,0,0,1,1,1,1,0,0,0,1,1,1,1,1,1,0,1,1,1,1,1,1,1,1,1,1,1
88,Lantana,Summer,Flower,,https://www.proflowers.com/blog/wp-content/plugins/pf-flowertypes/image/lantana-699796.jpg,Mid Summer,2 --11,Full Sun,Well-drained,Tolerates frost,,,,1,,,,,,,1,1,1,1,1,1,1,1,1,1,1,1,1,1,1,1,1,1,1,1,1,1,1,1,1,1,1,1,0,0,0,0,0,0,1,1,1,1,0,0,0,1,1,1,1,1,1,0,1,1,1,1,1,1,1,1,1,1,1
89,Lavender,Summer,Flower,,https://www.proflowers.com/blog/wp-content/plugins/pf-flowertypes/image/lavender-810522.jpg,Entire Summer,5 --9,Full Sun,Well-drained,Good for cutÂ flowers,,1,,,,,,,,,1,1,1,1,1,1,1,1,1,1,1,1,1,1,1,1,1,1,1,1,1,1,1,1,1,1,1,1,0,0,0,0,0,0,1,1,1,1,0,0,0,1,1,1,1,1,1,0,1,1,1,1,1,1,1,1,1,1,1
90,Lavender Cotton,Summer,Flower,,https://www.proflowers.com/blog/wp-content/plugins/pf-flowertypes/image/lavender-cotton-341934.jpg, Mid Summer,6 --8,Full Sun,Well-drained,Non-invasive,,,,,1,,,,,,1,1,1,1,1,1,1,1,1,1,0,1,1,1,1,1,1,1,1,1,1,1,0,1,1,1,0,1,0,0,0,0,0,0,1,1,1,1,0,0,0,1,1,1,0,1,1,0,1,0,1,1,1,1,1,,1,1,1
91,Leadwort,Summer,Flower,,https://www.proflowers.com/blog/wp-content/plugins/pf-flowertypes/image/flowers-195967.jpg,LateÂ Summer ,5 --8,Full Sunâ€‰/â€‰PartialÂ Shade,Well-drained,Non-invasive,,,,,1,,,,,,1,1,1,1,1,1,1,1,1,1,0,1,1,1,1,1,1,1,1,1,1,1,1,1,1,1,1,1,0,0,0,0,0,0,1,1,1,1,0,0,0,1,1,1,1,1,1,0,1,1,1,1,1,1,1,,1,1,1
92,Lemon Balm,Summer,Flower,,https://www.proflowers.com/blog/wp-content/plugins/pf-flowertypes/image/lemon-balm-787626.jpg,EarlyÂ Summer,3 --7,Full Sunâ€‰/â€‰PartialÂ Shade,Well-drained,Attracts bees,,,,,,1,,,,,1,1,1,1,1,1,1,1,0,1,0,1,1,1,1,1,1,0,1,1,1,1,1,1,1,1,1,1,0,0,0,0,0,0,1,1,1,1,0,0,0,1,1,1,1,1,1,0,1,1,1,1,1,1,1,1,1,1,1
93,Lily,Spring,Flower,,https://www.proflowers.com/blog/wp-content/plugins/pf-flowertypes/image/lily.jpg,Entire Spring ,4 --8,Full Sun,Well-drained,Good for cutÂ flowers,,1,,,,,,,,,1,1,1,1,1,1,1,1,1,1,0,1,1,1,1,1,1,1,1,1,1,1,1,1,1,1,1,1,0,0,0,0,0,0,1,1,1,1,0,0,0,1,1,1,1,1,1,0,1,1,1,1,1,1,1,1,1,1,1
94,Lobelia,Summer,Flower,,https://www.proflowers.com/blog/wp-content/plugins/pf-flowertypes/image/lobelia-777674.jpg,EarlyÂ Summer,2 --10,Full Sunâ€‰/â€‰PartialÂ Shade,Well-drained,Attracts butterflies,,,,,,,1,,,,1,1,1,1,1,1,1,1,1,1,1,1,1,1,1,1,1,1,1,1,1,1,1,1,1,1,1,1,0,0,0,0,0,0,1,1,1,1,0,0,0,1,1,1,1,1,1,0,1,1,1,1,1,1,1,1,1,1,1
95,Lupine,Summer,Flower,,https://www.proflowers.com/blog/wp-content/plugins/pf-flowertypes/image/beautiful-2223.jpg,Entire Summer,3 --9,Full Sunâ€‰/â€‰PartialÂ Shade,Well-drained,Good for cutÂ flowers,,1,,,,,,,,,1,1,1,1,1,1,1,1,1,1,1,1,1,1,1,1,1,1,1,1,1,1,1,1,1,1,1,1,0,0,0,0,0,0,1,1,1,1,0,0,0,1,1,1,1,1,1,0,1,1,1,1,1,1,1,1,1,1,1
96,Maiden Pink,Spring,Flower,,https://www.proflowers.com/blog/wp-content/plugins/pf-flowertypes/image/maiden-pink-546015.jpg,LateÂ Spring ,3 --9,Full Sunâ€‰/â€‰PartialÂ Shade,Well-drained,Non-invasive,,,,,1,,,,,,1,1,1,1,1,1,1,1,1,1,1,1,1,1,1,1,1,1,1,1,1,1,1,1,1,1,1,1,0,0,0,0,0,0,1,1,1,1,0,0,0,1,1,1,1,1,1,0,1,1,1,1,1,1,1,1,1,1,1
97,Malva,Summer,Flower,,https://www.proflowers.com/blog/wp-content/plugins/pf-flowertypes/image/flower-774761.jpg,Entire Summer,4 --9,Full Sun,Well-drained,Good for cutÂ flowers,,1,,,,,,,,,1,1,1,1,1,1,1,1,1,1,1,1,1,1,1,1,1,1,1,1,1,1,1,1,1,1,1,1,0,0,0,0,0,0,1,1,1,1,0,0,0,1,1,1,1,1,1,0,1,1,1,1,1,1,1,1,1,1,1
98,Marigold,Summer,Flower,,https://www.proflowers.com/blog/wp-content/plugins/pf-flowertypes/image/flower-669579.jpg,EarlyÂ Summer,2 --10,Full Sun,Well-drained,Good for cutÂ flowers,,1,,,,,,,,,1,1,1,1,1,1,1,1,1,1,1,1,1,1,1,1,1,1,1,1,1,1,1,1,1,1,1,1,0,0,0,0,0,0,1,1,1,1,0,0,0,1,1,1,1,1,1,0,1,1,1,1,1,1,1,1,1,1,1
99,Mazus,Spring,Flower,,https://www.proflowers.com/blog/wp-content/plugins/pf-flowertypes/image/mazus-pumilus-flower.jpg,LateÂ Spring ,3 --9,Full Sunâ€‰/â€‰PartialÂ Shade,Well-drained,Non-invasive,,,,,1,,,,,,1,1,1,1,1,1,1,1,1,1,1,1,1,1,1,1,1,1,1,1,1,1,1,1,1,1,1,1,0,0,0,0,0,0,1,1,1,1,0,0,0,1,1,1,1,1,1,0,1,1,1,1,1,1,1,1,1,1,1
100,Mirabilis,Summer,Flower,,https://www.proflowers.com/blog/wp-content/plugins/pf-flowertypes/image/mirabilis-jalapa-402433.jpg, Mid Summer,7 --11,Full Sunâ€‰/â€‰PartialÂ Shade,Well-drained,Attracts hummingbirds,,,,,,,,,1,,1,1,1,1,1,1,1,1,1,1,1,1,1,0,0,1,1,1,0,1,1,0,0,1,1,0,0,1,0,0,0,0,0,0,0,1,1,1,0,0,0,1,1,1,0,1,1,0,0,0,,1,1,1,1,,1,1,1
101,Moonflower,Summer,Flower,,https://www.proflowers.com/blog/wp-content/plugins/pf-flowertypes/image/ipomoea-alba.jpg,EarlyÂ Summer ,10 --11,Full Sun,Well-drained,Attracts hummingbirds,,,,,,,,,1,,0,0,1,0,1,0,0,0,1,0,1,0,0,0,0,0,0,1,0,0,0,0,0,0,0,0,0,1,0,0,0,0,0,0,0,0,0,0,0,0,0,0,1,0,0,0,0,0,0,0,,,,,,,,,
102,Morning Glory,Summer,Flower,,https://www.proflowers.com/blog/wp-content/plugins/pf-flowertypes/image/sky-blue-morning-glory-8793.jpg,EarlyÂ Summer,2 --11,Full Sun,Well-drained,Attracts hummingbirds,,,,,,,,,1,,1,1,1,1,1,1,1,1,1,1,1,1,1,1,1,1,1,1,1,1,1,1,1,1,1,1,1,1,0,0,0,0,0,0,1,1,1,1,0,0,0,1,1,1,1,1,1,0,1,1,1,1,1,1,1,1,1,1,1
103,Nasturtium,Summer,Flower,,https://www.proflowers.com/blog/wp-content/plugins/pf-flowertypes/image/nasturtium-686987.jpg,EarlyÂ Summer ,9 --11,Full Sun,Well-drained,Good for cutÂ flowers,,1,,,,,,,,,1,0,1,0,1,0,0,0,1,1,1,0,0,0,0,0,0,1,0,0,0,0,0,1,0,0,0,1,0,0,0,0,0,0,0,0,1,0,0,0,0,0,1,1,0,0,1,0,0,0,,,1,,,,,1,
104,Nierembergia,Summer,Flower,,https://www.proflowers.com/blog/wp-content/plugins/pf-flowertypes/image/nierembergia-frutescens.jpg, Mid Summer,7 --10,Full Sunâ€‰/â€‰PartialÂ Shade,Well-drained,Good for cutÂ flowers,,1,,,,,,,,,1,1,1,1,1,1,1,1,1,1,1,1,1,0,0,1,1,1,0,1,1,0,0,1,1,0,0,1,0,0,0,0,0,0,0,1,1,1,0,0,0,1,1,1,0,1,1,0,0,0,,1,1,1,1,,1,1,1
105,Orchid,Spring,Flower,,https://www.proflowers.com/blog/wp-content/plugins/pf-flowertypes/image/orchid-648410.jpg,EarlyÂ Spring ,2 --8,Full Sunâ€‰/â€‰PartialÂ Shade,Well-drained,Good for cutÂ flowers,,1,,,,,,,,,1,1,1,1,1,1,1,1,1,1,0,1,1,1,1,1,1,1,1,1,1,1,1,1,1,1,1,1,0,0,0,0,0,0,1,1,1,1,0,0,0,1,1,1,1,1,1,0,1,1,1,1,1,1,1,1,1,1,1
106,Osteospermum,Summer,Flower,,https://www.proflowers.com/blog/wp-content/plugins/pf-flowertypes/image/african-daisy-338121.jpg, Mid Summer,9 --11,Full Sun,Well-drained,Good for cutÂ flowers,,1,,,,,,,,,1,0,1,0,1,0,0,0,1,1,1,0,0,0,0,0,0,1,0,0,0,0,0,1,0,0,0,1,0,0,0,0,0,0,0,0,1,0,0,0,0,0,1,1,0,0,1,0,0,0,,,1,,,,,1,
107,Pansy,Spring,Flower,,https://www.proflowers.com/blog/wp-content/plugins/pf-flowertypes/image/pansy-826463.jpg,Entire Spring,2 --11,Full Sunâ€‰/â€‰PartialÂ Shade,Well-drained,Tolerates frost,,,,1,,,,,,,1,1,1,1,1,1,1,1,1,1,1,1,1,1,1,1,1,1,1,1,1,1,1,1,1,1,1,1,0,0,0,0,0,0,1,1,1,1,0,0,0,1,1,1,1,1,1,0,1,1,1,1,1,1,1,1,1,1,1
108,Pearly Everlasting,Summer,Flower,,https://www.proflowers.com/blog/wp-content/plugins/pf-flowertypes/image/14939471371-f714900331.jpg, Mid Summer,3 --8,Full Sunâ€‰/â€‰PartialÂ Shade,Damp,Good for cutÂ flowers,,1,,,,,,,,,1,1,1,1,1,1,1,1,1,1,0,1,1,1,1,1,1,1,1,1,1,1,1,1,1,1,1,1,0,0,0,0,0,0,1,1,1,1,0,0,0,1,1,1,1,1,1,0,1,1,1,1,1,1,1,1,1,1,1
109,Perennial Flax,Summer,Flower,,https://www.proflowers.com/blog/wp-content/plugins/pf-flowertypes/image/linum-narbonense-flor.jpg,Entire Summer,5 --9,Full Sun,Well-drained,Tolerates heat,,,1,,,,,,,,1,1,1,1,1,1,1,1,1,1,1,1,1,1,1,1,1,1,1,1,1,1,1,1,1,1,1,1,0,0,0,0,0,0,1,1,1,1,0,0,0,1,1,1,1,1,1,0,1,1,1,1,1,1,1,1,1,1,1
110,Periwinkle,Spring,Flower,,https://www.proflowers.com/blog/wp-content/plugins/pf-flowertypes/image/periwinkle-166913.jpg,Mid Spring ,2 --11,Full Sunâ€‰/â€‰PartialÂ Shade,Droughty,Tolerates heat,,,1,,,,,,,,1,1,1,1,1,1,1,1,1,1,1,1,1,1,1,1,1,1,1,1,1,1,1,1,1,1,1,1,0,0,0,0,0,0,1,1,1,1,0,0,0,1,1,1,1,1,1,0,1,1,1,1,1,1,1,1,1,1,1
111,Petunia,Summer,Flower,,https://www.proflowers.com/blog/wp-content/plugins/pf-flowertypes/image/petunia-662536.jpg,EarlyÂ Summer ,8 --11,Full Sun,Well-drained,Attracts butterflies and hummingbirds,,,,,,,1,,1,,1,1,1,1,1,0,0,0,1,1,1,0,0,0,0,0,0,1,0,1,0,0,0,1,0,0,0,1,0,0,0,0,0,0,0,1,1,0,0,0,0,1,1,1,0,1,1,0,0,0,,,1,,1,,,1,
112,Pincushion Flower,Summer,Flower,,https://www.proflowers.com/blog/wp-content/plugins/pf-flowertypes/image/field-scabious-167397.jpg,EarlyÂ Summer,3 --11,Full Sun,Well-drained,Good for cutÂ flowers,,1,,,,,,,,,1,1,1,1,1,1,1,1,1,1,1,1,1,1,1,1,1,1,1,1,1,1,1,1,1,1,1,1,0,0,0,0,0,0,1,1,1,1,0,0,0,1,1,1,1,1,1,0,1,1,1,1,1,1,1,1,1,1,1
113,Polka Dot Plant,Summer,Flower,,https://www.proflowers.com/blog/wp-content/plugins/pf-flowertypes/image/hypoestes-phyllostachya1.jpg,Mid Summer,10 --12,PartialÂ Shade,Well-drained,Deer resistant,1,,,,,,,,,,0,0,1,0,1,0,0,0,1,0,1,0,0,0,0,0,0,1,0,0,0,0,0,0,0,0,0,1,0,0,0,0,0,0,0,0,0,0,0,0,0,0,1,0,0,0,0,0,0,0,,,,,,,,,
114,Primrose,Spring,Flower,,https://www.proflowers.com/blog/wp-content/plugins/pf-flowertypes/image/flower-737864.jpg,Entire Spring,3 --8,PartialÂ Shade,Well-drained,Non-invasive,,,,,1,,,,,,1,1,1,1,1,1,1,1,1,1,0,1,1,1,1,1,1,1,1,1,1,1,1,1,1,1,1,1,0,0,0,0,0,0,1,1,1,1,0,0,0,1,1,1,1,1,1,0,1,1,1,1,1,1,1,1,1,1,1
115,Ranunculus,Spring,Flower,,https://www.proflowers.com/blog/wp-content/plugins/pf-flowertypes/image/flower-663507.jpg,EarlyÂ Spring ,4 --7,Full Sun,Well-drained,Good for cutÂ flowers,,1,,,,,,,,,1,1,1,1,1,1,1,0,0,0,0,1,1,1,1,1,1,0,1,1,1,1,1,1,1,1,1,1,0,0,0,0,0,0,1,1,1,1,0,0,0,1,1,1,1,1,1,0,1,1,1,1,1,1,1,1,1,1,1
116,Red Valerian,Summer,Flower,,https://www.proflowers.com/blog/wp-content/plugins/pf-flowertypes/image/centranthus-ruber-884234.jpg,Mid Summer,5 --8,Full Sun,Well-drained,Good for cutÂ flowers,,1,,,,,,,,,1,1,1,1,1,1,1,1,1,1,0,1,1,1,1,1,1,1,1,1,1,1,1,1,1,1,1,1,0,0,0,0,0,0,1,1,1,1,0,0,0,1,1,1,1,1,1,0,1,1,1,1,1,1,1,,1,1,1
117,Rock Soapwort,Spring,Flower,,https://www.proflowers.com/blog/wp-content/plugins/pf-flowertypes/image/caryophillaceae-saponaria-ocymoides-2.jpg,EarlyÂ Spring ,2 --9,Full Sun,Well-drained,Deer resistant,1,,,,,,,,,,1,1,1,1,1,1,1,1,1,1,1,1,1,1,1,1,1,1,1,1,1,1,1,1,1,1,1,1,0,0,0,0,0,0,1,1,1,1,0,0,0,1,1,1,1,1,1,0,1,1,1,1,1,1,1,1,1,1,1
118,Rose,Spring,Flower,,https://www.proflowers.com/blog/wp-content/plugins/pf-flowertypes/image/rose-113735.jpg,LateÂ Spring ,2 --11,Full Sun,Well-drained,Good for cutÂ flowers,,1,,,,,,,,,1,1,1,1,1,1,1,1,1,1,1,1,1,1,1,1,1,1,1,1,1,1,1,1,1,1,1,1,0,0,0,0,0,0,1,1,1,1,0,0,0,1,1,1,1,1,1,0,1,1,1,1,1,1,1,1,1,1,1
119,Rue,Summer,Flower,,https://www.proflowers.com/blog/wp-content/plugins/pf-flowertypes/image/meadow-rue-909022.jpg, Mid Summer,4 --9,Full Sunâ€‰/â€‰PartialÂ Shade,Well-drained,Good for pressed flowers,,,,,,,,,,1,1,1,1,1,1,1,1,1,1,1,1,1,1,1,1,1,1,1,1,1,1,1,1,1,1,1,1,1,0,0,0,0,0,0,1,1,1,1,0,0,0,1,1,1,1,1,1,0,1,1,1,1,1,1,1,1,1,1,1
120,Sanvitalia,Summer,Flower,,https://www.proflowers.com/blog/wp-content/plugins/pf-flowertypes/image/flower-679333.jpg,EarlyÂ Summer ,10 --11,Full Sun,Well-drained,Non-invasive,,,,,1,,,,,,0,0,1,0,1,0,0,0,1,0,1,0,0,0,0,0,0,1,0,0,0,0,0,0,0,0,0,1,0,0,0,0,0,0,0,0,0,0,0,0,0,0,1,0,0,0,0,0,0,0,,,,,,,,,
121,Scarlet Sage,Summer,Flower,,https://www.proflowers.com/blog/wp-content/plugins/pf-flowertypes/image/fire-sage-228379.jpg, Mid Summer,3 --10,Full Sunâ€‰/â€‰PartialÂ Shade,Well-drained,Deer resistant,1,,,,,,,,,,1,1,1,1,1,1,1,1,1,1,1,1,1,1,1,1,1,1,1,1,1,1,1,1,1,1,1,1,0,0,0,0,0,0,1,1,1,1,0,0,0,1,1,1,1,1,1,0,1,1,1,1,1,1,1,1,1,1,1
122,Sea Lavender,Summer,Flower,,https://www.proflowers.com/blog/wp-content/plugins/pf-flowertypes/image/winged-beach-lilac-375590.jpg, Mid Summer,3 --9,Full Sun,Well-drained,Good for cutÂ flowers,,1,,,,,,,,,1,1,1,1,1,1,1,1,1,1,1,1,1,1,1,1,1,1,1,1,1,1,1,1,1,1,1,1,0,0,0,0,0,0,1,1,1,1,0,0,0,1,1,1,1,1,1,0,1,1,1,1,1,1,1,1,1,1,1
123,Sea Thrift,Spring,Flower,,https://www.proflowers.com/blog/wp-content/plugins/pf-flowertypes/image/flowers-14448.jpg,LateÂ Spring ,4 --8,Full Sun,Well-drained,Non-invasive,,,,,1,,,,,,1,1,1,1,1,1,1,1,1,1,0,1,1,1,1,1,1,1,1,1,1,1,1,1,1,1,1,1,0,0,0,0,0,0,1,1,1,1,0,0,0,1,1,1,1,1,1,0,1,1,1,1,1,1,1,1,1,1,1
124,Shirley Poppy,Spring,Flower,,https://www.proflowers.com/blog/wp-content/plugins/pf-flowertypes/image/poppies-381612.jpg,LateÂ Spring ,3 --9,Full Sun,Well-drained,Good for cutÂ flowers,,1,,,,,,,,,1,1,1,1,1,1,1,1,1,1,1,1,1,1,1,1,1,1,1,1,1,1,1,1,1,1,1,1,0,0,0,0,0,0,1,1,1,1,0,0,0,1,1,1,1,1,1,0,1,1,1,1,1,1,1,1,1,1,1
125,Shooting Star,Spring,Flower,,https://www.proflowers.com/blog/wp-content/plugins/pf-flowertypes/image/372840525-f193108fe4.jpg,LateÂ Spring ,4 --8,PartialÂ Shadeâ€‰/â€‰Full Shade,Well-drained,Non-invasive,,,,,1,,,,,,1,1,1,1,1,1,1,1,1,1,0,1,1,1,1,1,1,1,1,1,1,1,1,1,1,1,1,1,0,0,0,0,0,0,1,1,1,1,0,0,0,1,1,1,1,1,1,0,1,1,1,1,1,1,1,1,1,1,1
126,Silvermound,Summer,Flower,,https://www.proflowers.com/blog/wp-content/plugins/pf-flowertypes/image/artemisia-schmidtiana-parc-de-bercy.jpg,Mid Summer,4 --8,Full Sunâ€‰/â€‰PartialÂ Shade,Well-drained,Tolerates heat,,,1,,,,,,,,1,1,1,1,1,1,1,1,1,1,0,1,1,1,1,1,1,1,1,1,1,1,1,1,1,1,1,1,0,0,0,0,0,0,1,1,1,1,0,0,0,1,1,1,1,1,1,0,1,1,1,1,1,1,1,1,1,1,1
127,Skunk Cabbage,Spring,Flower,,https://www.proflowers.com/blog/wp-content/plugins/pf-flowertypes/image/yellow-skunk-cabbage-605523.jpg,EarlyÂ Spring ,4 --9,Full Sunâ€‰/â€‰PartialÂ Shade,Damp,Non-invasive,,,,,1,,,,,,1,1,1,1,1,1,1,1,1,1,1,1,1,1,1,1,1,1,1,1,1,1,1,1,1,1,1,1,0,0,0,0,0,0,1,1,1,1,0,0,0,1,1,1,1,1,1,0,1,1,1,1,1,1,1,1,1,1,1
128,Snapdragon,Summer,Flower,,https://www.proflowers.com/blog/wp-content/plugins/pf-flowertypes/image/yellow-144061.jpg, Mid Summer,9 --10,Full Sun,Well-drained,Good for cutÂ flowers,,1,,,,,,,,,1,0,1,0,1,0,0,0,1,1,1,0,0,0,0,0,0,1,0,0,0,0,0,1,0,0,0,1,0,0,0,0,0,0,0,0,1,0,0,0,0,0,1,1,0,0,1,0,0,0,,,1,,,,,1,
129,Snow in Summer,Spring,Flower,,https://www.proflowers.com/blog/wp-content/plugins/pf-flowertypes/image/cerastium-tomentosum-flower.jpg,LateÂ Spring ,3 --7,Full Sun,Well-drained,Deer resistant,1,,,,,,,,,,1,1,1,1,1,1,1,1,0,1,0,1,1,1,1,1,1,0,1,1,1,1,1,1,1,1,1,1,0,0,0,0,0,0,1,1,1,1,0,0,0,1,1,1,1,1,1,0,1,1,1,1,1,1,1,1,1,1,1
130,Snowdrop,Spring,Flower,,https://www.proflowers.com/blog/wp-content/plugins/pf-flowertypes/image/snowdrop-523667.jpg,EarlyÂ Spring,3 --9,PartialÂ Shade,Well-drained,Non-invasive,,,,,1,,,,,,1,1,1,1,1,1,1,1,1,1,1,1,1,1,1,1,1,1,1,1,1,1,1,1,1,1,1,1,0,0,0,0,0,0,1,1,1,1,0,0,0,1,1,1,1,1,1,0,1,1,1,1,1,1,1,1,1,1,1
131,Solomon's Seal,Spring,Flower,,https://www.proflowers.com/blog/wp-content/plugins/pf-flowertypes/image/polygonatum-odoratum-338936.jpg,Mid Spring ,3 --9,Full Sunâ€‰/â€‰PartialÂ Shade/Full Shade,Well-drained,Deer resistant,1,,,,,,,,,,1,1,1,1,1,1,1,1,1,1,1,1,1,1,1,1,1,1,1,1,1,1,1,1,1,1,1,1,0,0,0,0,0,0,1,1,1,1,0,0,0,1,1,1,1,1,1,0,1,1,1,1,1,1,1,1,1,1,1
132,Summer Savory,Summer,Flower,,https://www.proflowers.com/blog/wp-content/plugins/pf-flowertypes/image/summer-savory-115371.jpg, Mid Summer,5 --8,Full Sun,Well-drained,Good for pressed flowers,,,,,,,,,,1,1,1,1,1,1,1,1,1,1,1,0,1,1,1,1,1,1,1,1,1,1,1,1,1,1,1,1,1,0,0,0,0,0,0,1,1,1,1,0,0,0,1,1,1,1,1,1,0,1,1,1,1,1,1,1,,1,1,1
133,Sunflower,Summer,Flower,,https://www.proflowers.com/blog/wp-content/plugins/pf-flowertypes/image/sunflower-290496.jpg,EarlyÂ Summer ,3 --10,Full Sun,Well-drained,Good for cutÂ flowers,,1,,,,,,,,,1,1,1,1,1,1,1,1,1,1,1,1,1,1,1,1,1,1,1,1,1,1,1,1,1,1,1,1,0,0,0,0,0,0,1,1,1,1,0,0,0,1,1,1,1,1,1,0,1,1,1,1,1,1,1,1,1,1,1
134,Sweet Alyssum,Spring,Flower,,https://www.proflowers.com/blog/wp-content/plugins/pf-flowertypes/image/little-dorrit-322525.jpg,LateÂ Spring ,7 --11,Full Sunâ€‰/â€‰PartialÂ Shade,Damp,Attracts butterflies,,,,,,,1,,,,1,1,1,1,1,1,1,1,1,1,1,1,1,0,0,1,1,1,0,1,1,0,0,1,1,0,0,1,0,0,0,0,0,0,0,1,1,1,0,0,0,1,1,1,0,1,1,0,0,0,,1,1,1,1,,1,1,1
135,Sweet Woodruff,Spring,Flower,,https://www.proflowers.com/blog/wp-content/plugins/pf-flowertypes/image/8743214671-165e278b8f.jpg,LateÂ Spring,5 --8,PartialÂ Shadeâ€‰/â€‰Full Shade,Well-drained,Deer resistant,1,,,,,,,,,,1,1,1,1,1,1,1,1,1,1,0,1,1,1,1,1,1,1,1,1,1,1,1,1,1,1,1,1,0,0,0,0,0,0,1,1,1,1,0,0,0,1,1,1,1,1,1,0,1,1,1,1,1,1,1,,1,1,1
136,Tansy,Summer,Flower,,https://www.proflowers.com/blog/wp-content/plugins/pf-flowertypes/image/tansy-10381.jpg, Mid Summer,4 --8,Full Sun,Well-drained,Good for pressed flowers,,,,,,,,,,1,1,1,1,1,1,1,1,1,1,1,0,1,1,1,1,1,1,1,1,1,1,1,1,1,1,1,1,1,0,0,0,0,0,0,1,1,1,1,0,0,0,1,1,1,1,1,1,0,1,1,1,1,1,1,1,1,1,1,1
137,Thunbergia,Summer,Flower,,https://www.proflowers.com/blog/wp-content/plugins/pf-flowertypes/image/black-eyed-susan-407767.jpg, Mid Summer,9 --10,Full Sun,Well-drained,Non-invasive,,,,,1,,,,,,1,0,1,0,1,0,0,0,1,1,1,0,0,0,0,0,0,1,0,0,0,0,0,1,0,0,0,1,0,0,0,0,0,0,0,0,1,0,0,0,0,0,1,1,0,0,1,0,0,0,,,1,,,,,1,
138,Tithonia,Summer,Flower,,https://www.proflowers.com/blog/wp-content/plugins/pf-flowertypes/image/tithonia-diversifolia-765106.jpg,Mid Summer,10 --11,Full Sun,Well-drained,Good for cutÂ flowers,,1,,,,,,,,,0,0,1,0,1,0,0,0,1,0,1,0,0,0,0,0,0,1,0,0,0,0,0,0,0,0,0,1,0,0,0,0,0,0,0,0,0,0,0,0,0,0,1,0,0,0,0,0,0,0,,,,,,,,,
139,Torenia,Summer,Flower,,https://www.proflowers.com/blog/wp-content/plugins/pf-flowertypes/image/8225263728-e0f786f37d.jpg,Mid Summer,2 --11,PartialÂ Shade,Well-drained,Attracts hummingbirds,,,,,,,,,1,,1,1,1,1,1,1,1,1,1,1,1,1,1,1,1,1,1,1,1,1,1,1,1,1,1,1,1,1,0,0,0,0,0,0,1,1,1,1,0,0,0,1,1,1,1,1,1,0,1,1,1,1,1,1,1,1,1,1,1
140,Trillium,Spring,Flower,,https://www.proflowers.com/blog/wp-content/plugins/pf-flowertypes/image/trillium-179717.jpg,LateÂ Spring,3 --9,PartialÂ Shade,Well-drained,Non-invasive,,,,,1,,,,,,1,1,1,1,1,1,1,1,1,1,1,1,1,1,1,1,1,1,1,1,1,1,1,1,1,1,1,1,0,0,0,0,0,0,1,1,1,1,0,0,0,1,1,1,1,1,1,0,1,1,1,1,1,1,1,1,1,1,1
141,Tulip,Spring,Flower,,https://www.proflowers.com/blog/wp-content/plugins/pf-flowertypes/image/tulip-271352.jpg,Entire Spring,4 --8,Full Sun,Well-drained,Good for cutÂ flowers,,1,,,,,,,,,1,1,1,1,1,1,1,1,1,1,0,1,1,1,1,1,1,1,1,1,1,1,1,1,1,1,1,1,0,0,0,0,0,0,1,1,1,1,0,0,0,1,1,1,1,1,1,0,1,1,1,1,1,1,1,1,1,1,1
142,Verbena,Summer,Flower,,https://www.proflowers.com/blog/wp-content/plugins/pf-flowertypes/image/flowers-756181.jpg, Mid Summer,7 --9,Full Sun,Well-drained,Good for cutÂ flowers,,1,,,,,,,,,1,1,1,1,1,1,1,1,1,1,1,1,1,0,0,1,1,1,0,1,1,0,0,1,1,0,0,1,0,0,0,0,0,0,0,1,1,1,0,0,0,1,1,1,0,1,1,0,0,0,,1,1,1,1,,1,1,1
143,Violet,Spring,Flower,,https://www.proflowers.com/blog/wp-content/plugins/pf-flowertypes/image/plant-978227.jpg,EarlyÂ Spring ,3 --9,Full Sunâ€‰/â€‰PartialÂ Shade,Well-drained,Non-invasive,,,,,1,,,,,,1,1,1,1,1,1,1,1,1,1,1,1,1,1,1,1,1,1,1,1,1,1,1,1,1,1,1,1,0,0,0,0,0,0,1,1,1,1,0,0,0,1,1,1,1,1,1,0,1,1,1,1,1,1,1,1,1,1,1
144,Virginia Bluebell,Spring,Flower,,https://www.proflowers.com/blog/wp-content/plugins/pf-flowertypes/image/virginiabluebells.jpg,Mid Spring,4 --9,PartialÂ Shade,Damp,Non-invasive,,,,,1,,,,,,1,1,1,1,1,1,1,1,1,1,1,1,1,1,1,1,1,1,1,1,1,1,1,1,1,1,1,1,0,0,0,0,0,0,1,1,1,1,0,0,0,1,1,1,1,1,1,0,1,1,1,1,1,1,1,1,1,1,1
145,Wild Senna,Summer,Flower,,https://www.proflowers.com/blog/wp-content/plugins/pf-flowertypes/image/senna-multiglandulosa-5.jpg,Mid Summer,4 --7,Full Sun,Well-drained,Attracts butterflies and hummingbirds,,,,,,,1,,1,,1,1,1,1,1,1,1,0,0,0,0,1,1,1,1,1,1,0,1,1,1,1,1,1,1,1,1,1,0,0,0,0,0,0,1,1,1,1,0,0,0,1,1,1,1,1,1,0,1,1,1,1,1,1,1,1,1,1,1
146,Windflower,Spring,Flower,,https://www.proflowers.com/blog/wp-content/plugins/pf-flowertypes/image/anemone-nemorosa-18303.jpg,EarlyÂ Spring,4 --8,Full Sunâ€‰/â€‰PartialÂ Shade,Well-drained,Deer resistant,1,,,,,,,,,,1,1,1,1,1,1,1,1,1,1,0,1,1,1,1,1,1,1,1,1,1,1,1,1,1,1,1,1,0,0,0,0,0,0,1,1,1,1,0,0,0,1,1,1,1,1,1,0,1,1,1,1,1,1,1,1,1,1,1
147,Yarrow,Summer,Flower,,https://www.proflowers.com/blog/wp-content/plugins/pf-flowertypes/image/yarrow-181683.jpg,Mid Summer,3 --10,Full Sun,Well-drained,Deer resistant,1,,,,,,,,,,1,1,1,1,1,1,1,1,1,1,1,1,1,1,1,1,1,1,1,1,1,1,1,1,1,1,1,1,0,0,0,0,0,0,1,1,1,1,0,0,0,1,1,1,1,1,1,0,1,1,1,1,1,1,1,1,1,1,1
148,Yellow Archangel,Spring,Flower,,https://www.proflowers.com/blog/wp-content/plugins/pf-flowertypes/image/dead-nettle-474348.jpg,LateÂ Spring ,3 --9,PartialÂ Shadeâ€‰/â€‰Full Shade,Well-drained,Deer resistant,1,,,,,,,,,,1,1,1,1,1,1,1,1,1,1,1,1,1,1,1,1,1,1,1,1,1,1,1,1,1,1,1,1,0,0,0,0,0,0,1,1,1,1,0,0,0,1,1,1,1,1,1,0,1,1,1,1,1,1,1,1,1,1,1
149,Yellow Loosestrife,Summer,Flower,,https://www.proflowers.com/blog/wp-content/plugins/pf-flowertypes/image/loosestrife-8153.jpg, Mid Summer,3 --9,Full Sunâ€‰/â€‰PartialÂ Shade,Damp,Good for cutÂ flowers,,1,,,,,,,,,1,1,1,1,1,1,1,1,1,1,1,1,1,1,1,1,1,1,1,1,1,1,1,1,1,1,1,1,0,0,0,0,0,0,1,1,1,1,0,0,0,1,1,1,1,1,1,0,1,1,1,1,1,1,1,1,1,1,1
150,Zinnia,Summer,Flower,,https://www.proflowers.com/blog/wp-content/plugins/pf-flowertypes/image/zinnia-413564.jpg,Mid Summer,2 --11,Full Sun,Well-drained,Good for cutÂ flowers,,1,,,,,,,,,1,1,1,1,1,1,1,1,1,1,1,1,1,1,1,1,1,1,1,1,1,1,1,1,1,1,1,1,0,0,0,0,0,0,1,1,1,1,0,0,0,1,1,1,1,1,1,0,1,1,1,1,1,1,1,1,1,1,1
151,Alfalfa Seed,Fall,Animal Feed,Nevada,"https://purewows3.imgix.net/images/articles/2016_10/alflfa.png?auto=format,compress&cs=strip",,,,,,,,,,,,,,,,0,0,0,0,0,0,0,0,0,0,0,0,0,0,0,0,0,0,0,0,0,0,0,0,0,0,0,1,0,0,0,0,0,0,0,0,0,0,0,0,0,0,0,0,0,0,0,0,0,0,,,,,,,,,
152,Hops,Fall,Flower,Oregon,"https://purewows3.imgix.net/images/articles/2016_10/hops.png?auto=format,compress&cs=strip",,,,,,,,,,,,,,,,0,0,0,0,0,0,0,0,0,0,0,0,0,0,0,0,0,0,0,0,0,0,0,0,0,0,0,0,0,0,0,0,0,0,0,0,1,0,0,0,0,0,0,0,0,0,0,0,0,0,,,,,,,,,
153,Flaxseed,Fall,Flower,South Dakota,"https://purewows3.imgix.net/images/articles/2016_10/slaxseed.png?auto=format,compress&cs=strip",,,,,,,,,,,,,,,,0,0,0,0,0,0,0,0,0,0,0,0,0,0,0,0,0,0,0,0,0,0,0,0,0,0,0,0,0,0,0,0,0,0,0,0,0,0,0,0,1,0,0,0,0,0,0,0,0,0,,,,,,,,,
154,Asian Pears,Fall,Fruit,Connecticut,"https://purewows3.imgix.net/images/articles/2016_10/conn.png?auto=format,compress&cs=strip",,,,,,,,,,,,,,,,0,0,0,0,0,0,1,0,0,0,0,0,0,0,0,0,0,0,0,0,0,0,0,0,0,0,0,0,0,0,0,0,0,0,0,0,0,0,0,0,0,0,0,0,0,0,0,0,0,0,,,,,,,,,
155,Honeycrisp Apples,Fall,Fruit,Minnesota,"https://purewows3.imgix.net/images/articles/2016_10/minnesota.png?auto=format,compress&cs=strip",,,,,,,,,,,,,,,,0,0,0,0,0,0,0,0,0,0,0,0,0,0,0,0,0,0,0,0,0,0,1,0,0,0,0,0,0,0,0,0,0,0,0,0,0,0,0,0,0,0,0,0,0,0,0,0,0,0,,,,,,,,,
156,Pawpaw,Fall,Fruit,Ohio,"https://purewows3.imgix.net/images/articles/2016_10/ohio.png?auto=format,compress&cs=strip",,,,,,,,,,,,,,,,0,0,0,0,0,0,0,0,0,0,0,0,0,0,0,0,0,0,0,0,0,0,0,0,0,0,0,0,0,0,0,0,0,0,1,0,0,0,0,0,0,0,0,0,0,0,0,0,0,0,,,,,,,,,
157,RI Greening Apples,Fall,Fruit,Rhode Island,"https://purewows3.imgix.net/images/articles/2016_10/rhodeisland.png?auto=format,compress&cs=strip",,,,,,,,,,,,,,,,0,0,0,0,0,0,0,0,0,0,0,0,0,0,0,0,0,0,0,0,0,0,0,0,0,0,0,0,0,0,0,0,0,0,0,0,0,0,1,0,0,0,0,0,0,0,0,0,0,0,,,,,,,,,
158,Grapes,Fall,Fruit,Virginia,"https://purewows3.imgix.net/images/articles/2016_10/grapes.png?auto=format,compress&cs=strip",,,,,,,,,,,,,,,,0,0,0,0,0,0,0,0,0,0,0,0,0,0,0,0,0,0,0,0,0,0,0,0,0,0,0,0,0,0,0,0,0,0,0,0,0,0,0,0,0,0,0,0,0,1,0,0,0,0,,,,,,,,,
159,Apples,Fall,Fruit,Washington,"https://purewows3.imgix.net/images/articles/2016_10/apple1.png?auto=format,compress&cs=strip",,,,,,,,,,,,,,,,0,0,0,0,0,0,0,0,0,0,0,0,0,0,0,0,0,0,0,0,0,0,0,0,0,0,0,0,0,0,0,0,0,0,0,0,0,0,0,0,0,0,0,0,0,0,1,0,0,0,,,,,,,,,
160,Golden Delicious Apples,Fall,Fruit,West Virginia,"https://purewows3.imgix.net/images/articles/2016_10/golden.png?auto=format,compress&cs=strip",,,,,,,,,,,,,,,,0,0,0,0,0,0,0,0,0,0,0,0,0,0,0,0,0,0,0,0,0,0,0,0,0,0,0,0,0,0,0,0,0,0,0,0,0,0,0,0,0,0,0,0,0,0,0,1,0,0,,,,,,,,,
161,Sugarcane,Fall,Other,Louisiana,"https://purewows3.imgix.net/images/articles/2016_10/louisianna.png?auto=format,compress&cs=strip",,,,,,,,,,,,,,,,0,0,0,0,0,0,0,0,0,0,0,0,0,0,0,0,0,1,0,0,0,0,0,0,0,0,0,0,0,0,0,0,0,0,0,0,0,0,0,0,0,0,0,0,0,0,0,0,0,0,,,,,,,,,
162,Maize,Fall,Vegetable,Mississippi,"https://purewows3.imgix.net/images/articles/2016_10/maize.png?auto=format,compress&cs=strip",,,,,,,,,,,,,,,,0,0,0,0,0,0,0,0,0,0,0,0,0,0,0,0,0,0,0,0,0,0,0,1,0,0,0,0,0,0,0,0,0,0,0,0,0,0,0,0,0,0,0,0,0,0,0,0,0,0,,,,,,,,,
163,Sugar beets,Fall,Vegetable,Nebraska,"https://purewows3.imgix.net/images/articles/2016_10/sugarbeet.png?auto=format,compress&cs=strip",,,,,,,,,,,,,,,,0,0,0,0,0,0,0,0,0,0,0,0,0,0,0,0,0,0,0,0,0,0,0,0,0,0,1,0,0,0,0,0,0,0,0,0,0,0,0,0,0,0,0,0,0,0,0,0,0,0,,,,,,,,,
164,Green Chile Peppers,Fall,Vegetable,New Mexico,"https://purewows3.imgix.net/images/articles/2016_10/newmexico.png?auto=format,compress&cs=strip",,,,,,,,,,,,,,,,0,0,0,0,0,0,0,0,0,0,0,0,0,0,0,0,0,0,0,0,0,0,0,0,0,0,0,0,0,0,1,0,0,0,0,0,0,0,0,0,0,0,0,0,0,0,0,0,0,0,,,,,,,,,
165,Cabbage ,Fall,Vegetable,Alaska,"https://purewows3.imgix.net/images/articles/2016_10/cabage.png?auto=format,compress&cs=strip",,,,,,,,,,,,,,,,0,1,0,0,0,0,0,0,0,0,0,0,0,0,0,0,0,0,0,0,0,0,0,0,0,0,0,0,0,0,0,0,0,0,0,0,0,0,0,0,0,0,0,0,0,0,0,0,0,0,,,,,,,,,
166,Lettuce,Fall,Vegetable,Arizona,"https://purewows3.imgix.net/images/articles/2016_10/lettuce.png?auto=format,compress&cs=strip",,,,,,,,,,,,,,,,0,0,1,0,0,0,0,0,0,0,0,0,0,0,0,0,0,0,0,0,0,0,0,0,0,0,0,0,0,0,0,0,0,0,0,0,0,0,0,0,0,0,0,0,0,0,0,0,0,0,,,,,,,,,
167,Russet Potatoes,Fall,Vegetable,Idaho,"https://purewows3.imgix.net/images/articles/2016_10/idah.png?auto=format,compress&cs=strip",,,,,,,,,,,,,,,,0,0,0,0,0,0,0,0,0,0,0,1,0,0,0,0,0,0,0,0,0,0,0,0,0,0,0,0,0,0,0,0,0,0,0,0,0,0,0,0,0,0,0,0,0,0,0,0,0,0,,,,,,,,,
168,Corn,Fall,Vegetable,Iowa,"https://purewows3.imgix.net/images/articles/2016_10/corn.png?auto=format,compress&cs=strip",,,,,,,,,,,,,,,,0,0,0,0,0,0,0,0,0,0,0,0,0,0,1,0,0,0,0,0,0,0,0,0,0,0,0,0,0,0,0,0,0,0,0,0,0,0,0,0,0,0,0,0,0,0,0,0,0,0,,,,,,,,,
169,Sweet Corn,Fall,Vegetable,Wisconsin,"https://purewows3.imgix.net/images/articles/2016_10/corn1.png?auto=format,compress&cs=strip",,,,,,,,,,,,,,,,0,0,0,0,0,0,0,0,0,0,0,0,0,0,0,0,0,0,0,0,0,0,0,0,0,0,0,0,0,0,0,0,0,0,0,0,0,0,0,0,0,0,0,0,0,0,0,0,1,0,,,,,,,,,
170, Pumpkins,Fall,Fruit,New Hampshire,"https://purewows3.imgix.net/images/articles/2016_10/pumpkin.png?auto=format,compress&cs=strip",,,,,,,,,,,,,,,,0,0,0,0,0,0,0,0,0,0,0,0,0,0,0,0,0,0,0,0,0,0,0,0,0,0,0,0,1,0,0,0,0,0,0,0,0,0,0,0,0,0,0,0,0,0,0,0,0,0,,,,,,,,,
171,Cranberries,Fall,Fruit,Massachusetts,"https://purewows3.imgix.net/images/articles/2016_10/mass.png?auto=format,compress&cs=strip",,,,,,,,,,,,,,,,0,0,0,0,0,0,0,0,0,0,0,0,0,0,0,0,0,0,0,0,1,0,0,0,0,0,0,0,0,0,0,0,0,0,0,0,0,0,0,0,0,0,0,0,0,0,0,0,0,0,,,,,,,,,
172,Winter Wheat,Fall,Grain/Nut,Indiana,"https://purewows3.imgix.net/images/articles/2016_10/wheat.png?auto=format,compress&cs=strip",,,,,,,,,,,,,,,,0,0,0,0,0,0,0,0,0,0,0,0,0,1,0,0,0,0,0,0,0,0,0,0,0,0,0,0,0,0,0,0,0,0,0,0,0,0,0,0,0,0,0,0,0,0,0,0,0,0,,,,,,,,,
173,Pecans ,Fall,Grain/Nut,Texas,"https://purewows3.imgix.net/images/articles/2016_10/pean.png?auto=format,compress&cs=strip",,,,,,,,,,,,,,,,0,0,0,0,0,0,0,0,0,0,0,0,0,0,0,0,0,0,0,0,0,0,0,0,0,0,0,0,0,0,0,0,0,0,0,0,0,0,0,0,0,0,1,0,0,0,0,0,0,0,,,,,,,,,
174,Cortland Apples,Fall,Fruit,New york,"https://purewows3.imgix.net/images/articles/2016_10/apple.png?auto=format,compress&cs=strip",,,,,,,,,,,,,,,,0,0,0,0,0,0,0,0,0,0,0,0,0,0,0,0,0,0,0,0,0,0,0,0,0,0,0,0,0,0,0,1,0,0,0,0,0,0,0,0,0,0,0,0,0,0,0,0,0,0,,,,,,,,,
171,Cranberries,Winter,Fruit,Massachusetts,"https://purewows3.imgix.net/images/articles/2016_10/mass.png?auto=format,compress&cs=strip",,,,,,,,,,,,,,,,0,0,0,0,0,0,0,0,0,0,0,0,0,0,0,0,0,0,0,0,1,0,0,0,0,0,0,0,0,0,0,0,0,0,0,0,0,0,0,0,0,0,0,0,0,0,0,0,0,0,,,,,,,,,
172,Winter Wheat,Winter,Grain/Nut,Indiana,"https://purewows3.imgix.net/images/articles/2016_10/wheat.png?auto=format,compress&cs=strip",,,,,,,,,,,,,,,,0,0,0,0,0,0,0,0,0,0,0,0,0,1,0,0,0,0,0,0,0,0,0,0,0,0,0,0,0,0,0,0,0,0,0,0,0,0,0,0,0,0,0,0,0,0,0,0,0,0,,,,,,,,,
173,Pecans ,Winter,Grain/Nut,Texas,"https://purewows3.imgix.net/images/articles/2016_10/pean.png?auto=format,compress&cs=strip",,,,,,,,,,,,,,,,0,0,0,0,0,0,0,0,0,0,0,0,0,0,0,0,0,0,0,0,0,0,0,0,0,0,0,0,0,0,0,0,0,0,0,0,0,0,0,0,0,0,1,0,0,0,0,0,0,0,,,,,,,,,
174,Cortland Apples,Winter,Fruit,New york,"https://purewows3.imgix.net/images/articles/2016_10/apple.png?auto=format,compress&cs=strip",,,,,,,,,,,,,,,,0,0,0,0,0,0,0,0,0,0,0,0,0,0,0,0,0,0,0,0,0,0,0,0,0,0,0,0,0,0,0,1,0,0,0,0,0,0,0,0,0,0,0,0,0,0,0,0,0,0,,,,,,,,,
175,Beans,Spring,Fruit,Montana,"https://purewows3.imgix.net/images/articles/2016_10/beans.png?auto=format,compress&cs=strip",,,,,,,,,,,,,,,,0,0,0,0,0,0,0,0,0,0,0,0,0,0,0,0,0,0,0,0,0,0,0,0,0,1,0,0,0,0,0,0,0,0,0,0,0,0,0,0,0,0,0,0,0,0,0,0,0,0,,,,,,,,,
176,Mushrooms,Spring,Other,Pennsylvania,"https://purewows3.imgix.net/images/articles/2016_10/shroom.png?auto=format,compress&cs=strip",,,,,,,,,,,,,,,,0,0,0,0,0,0,0,0,0,0,0,0,0,0,0,0,0,0,0,0,0,0,0,0,0,0,0,0,0,0,0,0,0,0,0,0,0,1,0,0,0,0,0,0,0,0,0,0,0,0,,,,,,,,,
177, Avocados,Spring,Fruit,California,"https://purewows3.imgix.net/images/articles/2016_10/california.png?auto=format,compress&cs=strip",,,,,,,,,,,,,,,,0,0,0,0,1,0,0,0,0,0,0,0,0,0,0,0,0,0,0,0,0,0,0,0,0,0,0,0,0,0,0,0,0,0,0,0,0,0,0,0,0,0,0,0,0,0,0,0,0,0,,,,,,,,,
178,Strawberries,Spring,Fruit,Delaware,"https://purewows3.imgix.net/images/articles/2016_10/delaware.png?auto=format,compress&cs=strip",,,,,,,,,,,,,,,,0,0,0,0,0,0,0,1,0,0,0,0,0,0,0,0,0,0,0,0,0,0,0,0,0,0,0,0,0,0,0,0,0,0,0,0,0,0,0,0,0,0,0,0,0,0,0,0,0,0,,,,,,,,,
179,Pineapple,Spring,Fruit,Hawaii,"https://purewows3.imgix.net/images/articles/2016_10/pineapple.png?auto=format,compress&cs=strip",,,,,,,,,,,,,,,,0,0,0,0,0,0,0,0,0,0,1,0,0,0,0,0,0,0,0,0,0,0,0,0,0,0,0,0,0,0,0,0,0,0,0,0,0,0,0,0,0,0,0,0,0,0,0,0,0,0,,,,,,,,,
180,Blueberries,Spring,Fruit,Maine,"https://purewows3.imgix.net/images/articles/2016_10/blueberry.png?auto=format,compress&cs=strip",,,,,,,,,,,,,,,,0,0,0,0,0,0,0,0,0,0,0,0,0,0,0,0,0,0,1,0,0,0,0,0,0,0,0,0,0,0,0,0,0,0,0,0,0,0,0,0,0,0,0,0,0,0,0,0,0,0,,,,,,,,,
181,Sorghum,Spring,Grain/Nut,Kansas,"https://purewows3.imgix.net/images/articles/2016_10/kansas.png?auto=format,compress&cs=strip",,,,,,,,,,,,,,,,0,0,0,0,0,0,0,0,0,0,0,0,0,0,0,1,0,0,0,0,0,0,0,0,0,0,0,0,0,0,0,0,0,0,0,0,0,0,0,0,0,0,0,0,0,0,0,0,0,0,,,,,,,,,
177, Avocados,Summer,Fruit,California,"https://purewows3.imgix.net/images/articles/2016_10/california.png?auto=format,compress&cs=strip",,,,,,,,,,,,,,,,0,0,0,0,1,0,0,0,0,0,0,0,0,0,0,0,0,0,0,0,0,0,0,0,0,0,0,0,0,0,0,0,0,0,0,0,0,0,0,0,0,0,0,0,0,0,0,0,0,0,,,,,,,,,
178,Strawberries,Summer,Fruit,Delaware,"https://purewows3.imgix.net/images/articles/2016_10/delaware.png?auto=format,compress&cs=strip",,,,,,,,,,,,,,,,0,0,0,0,0,0,0,1,0,0,0,0,0,0,0,0,0,0,0,0,0,0,0,0,0,0,0,0,0,0,0,0,0,0,0,0,0,0,0,0,0,0,0,0,0,0,0,0,0,0,,,,,,,,,
179,Pineapple,Summer,Fruit,Hawaii,"https://purewows3.imgix.net/images/articles/2016_10/pineapple.png?auto=format,compress&cs=strip",,,,,,,,,,,,,,,,0,0,0,0,0,0,0,0,0,0,1,0,0,0,0,0,0,0,0,0,0,0,0,0,0,0,0,0,0,0,0,0,0,0,0,0,0,0,0,0,0,0,0,0,0,0,0,0,0,0,,,,,,,,,
180,Blueberries,Summer,Fruit,Maine,"https://purewows3.imgix.net/images/articles/2016_10/blueberry.png?auto=format,compress&cs=strip",,,,,,,,,,,,,,,,0,0,0,0,0,0,0,0,0,0,0,0,0,0,0,0,0,0,1,0,0,0,0,0,0,0,0,0,0,0,0,0,0,0,0,0,0,0,0,0,0,0,0,0,0,0,0,0,0,0,,,,,,,,,
181,Sorghum,Summer,Grain/Nut,Kansas,"https://purewows3.imgix.net/images/articles/2016_10/kansas.png?auto=format,compress&cs=strip",,,,,,,,,,,,,,,,0,0,0,0,0,0,0,0,0,0,0,0,0,0,0,1,0,0,0,0,0,0,0,0,0,0,0,0,0,0,0,0,0,0,0,0,0,0,0,0,0,0,0,0,0,0,0,0,0,0,,,,,,,,,
182,Sunflowers,Summer,Flower,North Dakota,"https://purewows3.imgix.net/images/articles/2016_10/sunflowers.png?auto=format,compress&cs=strip",,,,,,,,,,,,,,,,0,0,0,0,0,0,0,0,0,0,0,0,0,0,0,0,0,0,0,0,0,0,0,0,0,0,0,0,0,0,0,0,0,1,0,0,0,0,0,0,0,0,0,0,0,0,0,0,0,0,,,,,,,,,
183,Blackberries,Summer,Fruit,Alabama,"https://purewows3.imgix.net/images/articles/2016_10/blackberries.png?auto=format,compress&cs=strip",,,,,,,,,,,,,,,,1,0,0,0,0,0,0,0,0,0,0,0,0,0,0,0,0,0,0,0,0,0,0,0,0,0,0,0,0,0,0,0,0,0,0,0,0,0,0,0,0,0,0,0,0,0,0,0,0,0,,,,,,,,,
184,Watermelon,Summer,Fruit,Arkansas,"https://purewows3.imgix.net/images/articles/2016_10/melon.png?auto=format,compress&cs=strip",,,,,,,,,,,,,,,,0,0,0,1,0,0,0,0,0,0,0,0,0,0,0,0,0,0,0,0,0,0,0,0,0,0,0,0,0,0,0,0,0,0,0,0,0,0,0,0,0,0,0,0,0,0,0,0,0,0,,,,,,,,,
185,Peaches,Summer,Fruit,Georgia,"https://purewows3.imgix.net/images/articles/2016_10/georgia.png?auto=format,compress&cs=strip",,,,,,,,,,,,,,,,0,0,0,0,0,0,0,0,0,1,0,0,0,0,0,0,0,0,0,0,0,0,0,0,0,0,0,0,0,0,0,0,0,0,0,0,0,0,0,0,0,0,0,0,0,0,0,0,0,0,,,,,,,,,
186,Cherries,Summer,Fruit,Michigan,"https://purewows3.imgix.net/images/articles/2016_10/michigan.png?auto=format,compress&cs=strip",,,,,,,,,,,,,,,,0,0,0,0,0,0,0,0,0,0,0,0,0,0,0,0,0,0,0,0,0,1,0,0,0,0,0,0,0,0,0,0,0,0,0,0,0,0,0,0,0,0,0,0,0,0,0,0,0,0,,,,,,,,,
187,Barley,Summer,Grain/Nut,Utah,"https://purewows3.imgix.net/images/articles/2016_10/barley.png?auto=format,compress&cs=strip",,,,,,,,,,,,,,,,0,0,0,0,0,0,0,0,0,0,0,0,0,0,0,0,0,0,0,0,0,0,0,0,0,0,0,0,0,0,0,0,0,0,0,0,0,0,0,0,0,0,0,1,0,0,0,0,0,0,,,,,,,,,
188,Peanuts,Summer,Grain/Nut,Oklahoma,"https://purewows3.imgix.net/images/articles/2016_10/peanuts.png?auto=format,compress&cs=strip",,,,,,,,,,,,,,,,0,0,0,0,0,0,0,0,0,0,0,0,0,0,0,0,0,0,0,0,0,0,0,0,0,0,0,0,0,0,0,0,0,0,0,1,0,0,0,0,0,0,0,0,0,0,0,0,0,0,,,,,,,,,
189,Tomatoes,Summer,Vegetable,New Jersey,"https://purewows3.imgix.net/images/articles/2016_10/tomatoes.png?auto=format,compress&cs=strip",,,,,,,,,,,,,,,,0,0,0,0,0,0,0,0,0,0,0,0,0,0,0,0,0,0,0,0,0,0,0,0,0,0,0,0,0,1,0,0,0,0,0,0,0,0,0,0,0,0,0,0,0,0,0,0,0,0,,,,,,,,,
190,Soybeans,Summer,Vegetable,Illinois,"https://purewows3.imgix.net/images/articles/2016_10/soybean.png?auto=format,compress&cs=strip",,,,,,,,,,,,,,,,0,0,0,0,0,0,0,0,0,0,0,0,1,0,0,0,0,0,0,0,0,0,0,0,0,0,0,0,0,0,0,0,0,0,0,0,0,0,0,0,0,0,0,0,0,0,0,0,0,0,,,,,,,,,
191,Collard Greens,Summer,Vegetable,South Carolina,"https://purewows3.imgix.net/images/articles/2016_10/collard.png?auto=format,compress&cs=strip",,,,,,,,,,,,,,,,0,0,0,0,0,0,0,0,0,0,0,0,0,0,0,0,0,0,0,0,0,0,0,0,0,0,0,0,0,0,0,0,0,0,0,0,0,0,0,1,0,0,0,0,0,0,0,0,0,0,,,,,,,,,
192, Hay,Summer,Animal Feed,Missouri,"https://purewows3.imgix.net/images/articles/2016_10/missouri.png?auto=format,compress&cs=strip",,,,,,,,,,,,,,,,0,0,0,0,0,0,0,0,0,0,0,0,0,0,0,0,0,0,0,0,0,0,0,0,1,0,0,0,0,0,0,0,0,0,0,0,0,0,0,0,0,0,0,0,0,0,0,0,0,0,,,,,,,,,
193,Sweet Potatoes,Summer,Vegetable,North Carolina,"https://purewows3.imgix.net/images/articles/2016_10/northcarolina.png?auto=format,compress&cs=strip",,,,,,,,,,,,,,,,0,0,0,0,0,0,0,0,0,0,0,0,0,0,0,0,0,0,0,0,0,0,0,0,0,0,0,0,0,0,0,0,1,0,0,0,0,0,0,0,0,0,0,0,0,0,0,0,0,0,,,,,,,,,
194,Honeybell Oranges,Winter,Fruit,Florida,"https://purewows3.imgix.net/images/articles/2016_10/florida.png?auto=format,compress&cs=strip",,,,,,,,,,,,,,,,0,0,0,0,0,0,0,0,1,0,0,0,0,0,0,0,0,0,0,0,0,0,0,0,0,0,0,0,0,0,0,0,0,0,0,0,0,0,0,0,0,0,0,0,0,0,0,0,0,0,,,,,,,,,
201, Barley,Spring,Other,Nevada,https://i.insider.com/5b52235a51dfbe2d008b45c4,,,,,,,,,,,,,,,,0,0,0,0,0,0,0,0,0,0,0,0,0,0,0,0,0,0,0,0,0,0,0,0,0,0,0,1,0,0,0,0,0,0,0,0,0,0,0,0,0,0,0,0,0,0,0,0,0,0,,,,,,,,,
202, Hazelnuts,Summer,Vegetable,Oregon,https://i.insider.com/5a78d5aa5c96b033008b4623,,,,,,,,,,,,,,,,0,0,0,0,0,0,0,0,0,0,0,0,0,0,0,0,0,0,0,0,0,0,0,0,0,0,0,0,0,0,0,0,0,0,0,0,1,0,0,0,0,0,0,0,0,0,0,0,0,0,,,,,,,,,
203, Flaxseed,Spring,Vegetable,South Dakota,https://i.insider.com/5a99ca0d283ef757008b45b9,,,,,,,,,,,,,,,,0,0,0,0,0,0,0,0,0,0,0,0,0,0,0,0,0,0,0,0,0,0,0,0,0,0,0,0,0,0,0,0,0,0,0,0,0,0,0,0,1,0,0,0,0,0,0,0,0,0,,,,,,,,,
204, Apples,Fall,Grain,Connecticut,https://i.insider.com/5c5b6371eb3ce817082d3713,,,,,,,,,,,,,,,,0,0,0,0,0,0,1,0,0,0,0,0,0,0,0,0,0,0,0,0,0,0,0,0,0,0,0,0,0,0,0,0,0,0,0,0,0,0,0,0,0,0,0,0,0,0,0,0,0,0,,,,,,,,,
205, Beans,Summer,Fruit,Minnesota,https://i.insider.com/5b325f1a5e48ec1c008b4570,,,,,,,,,,,,,,,,0,0,0,0,0,0,0,0,0,0,0,0,0,0,0,0,0,0,0,0,0,0,1,0,0,0,0,0,0,0,0,0,0,0,0,0,0,0,0,0,0,0,0,0,0,0,0,0,0,0,,,,,,,,,
206, Tomatoes,Spring,Vegetable,Ohio,https://i.insider.com/5ad0e2d5facba81e008b45af,,,,,,,,,,,,,,,,0,0,0,0,0,0,0,0,0,0,0,0,0,0,0,0,0,0,0,0,0,0,0,0,0,0,0,0,0,0,0,0,0,0,1,0,0,0,0,0,0,0,0,0,0,0,0,0,0,0,,,,,,,,,
207, Corn,Fall,Fruit,Rhode Island,https://i.insider.com/5b48b96820e3a826008b4621,,,,,,,,,,,,,,,,0,0,0,0,0,0,0,0,0,0,0,0,0,0,0,0,0,0,0,0,0,0,0,0,0,0,0,0,0,0,0,0,0,0,0,0,0,0,1,0,0,0,0,0,0,0,0,0,0,0,,,,,,,,,
208, Apples,Spring,Fruit,Virginia,https://i.insider.com/5ad6601858702a30518b4580,,,,,,,,,,,,,,,,0,0,0,0,0,0,0,0,0,0,0,0,0,0,0,0,0,0,0,0,0,0,0,0,0,0,0,0,0,0,0,0,0,0,0,0,0,0,0,0,0,0,0,0,0,1,0,0,0,0,,,,,,,,,
209, Strawberries (and many Others),Winter,Fruit,Washington,https://i.insider.com/5c5cb15deb3ce810346c7964,,,,,,,,,,,,,,,,0,0,0,0,0,0,0,0,0,0,0,0,0,0,0,0,0,0,0,0,0,0,0,0,0,0,0,0,0,0,0,0,0,0,0,0,0,0,0,0,0,0,0,0,0,0,1,0,0,0,,,,,,,,,
210, Peaches,Summer,Fruit,West Virginia,https://i.insider.com/5c5ca710eb3ce815e519c154,,,,,,,,,,,,,,,,0,0,0,0,0,0,0,0,0,0,0,0,0,0,0,0,0,0,0,0,0,0,0,0,0,0,0,0,0,0,0,0,0,0,0,0,0,0,0,0,0,0,0,0,0,0,0,1,0,0,,,,,,,,,
211, Sweet potatoes,Fall,Vegetable,Louisiana,https://i.insider.com/5c005a298c39b60e7324b2d2,,,,,,,,,,,,,,,,0,0,0,0,0,0,0,0,0,0,0,0,0,0,0,0,0,1,0,0,0,0,0,0,0,0,0,0,0,0,0,0,0,0,0,0,0,0,0,0,0,0,0,0,0,0,0,0,0,0,,,,,,,,,
212, Rice,Fall,Vegetable,Mississippi,https://i.insider.com/5c632101eb3ce8208c21fc64,,,,,,,,,,,,,,,,0,0,0,0,0,0,0,0,0,0,0,0,0,0,0,0,0,0,0,0,0,0,0,1,0,0,0,0,0,0,0,0,0,0,0,0,0,0,0,0,0,0,0,0,0,0,0,0,0,0,,,,,,,,,
213, Corn,Fall,Fruit,Nebraska,https://i.insider.com/5ba2720b9c888d19078b456b,,,,,,,,,,,,,,,,0,0,0,0,0,0,0,0,0,0,0,0,0,0,0,0,0,0,0,0,0,0,0,0,0,0,1,0,0,0,0,0,0,0,0,0,0,0,0,0,0,0,0,0,0,0,0,0,0,0,,,,,,,,,
214, Chile peppers,Spring,Fruit,New Mexico,https://i.insider.com/58c6f8170beac522008b4a4b,,,,,,,,,,,,,,,,0,0,0,0,0,0,0,0,0,0,0,0,0,0,0,0,0,0,0,0,0,0,0,0,0,0,0,0,0,0,1,0,0,0,0,0,0,0,0,0,0,0,0,0,0,0,0,0,0,0,,,,,,,,,
215, Potatoes,Spring,Vegetable,Alaska,https://i.insider.com/5bb78a1b011455071c0b3eec,,,,,,,,,,,,,,,,0,1,0,0,0,0,0,0,0,0,0,0,0,0,0,0,0,0,0,0,0,0,0,0,0,0,0,0,0,0,0,0,0,0,0,0,0,0,0,0,0,0,0,0,0,0,0,0,0,0,,,,,,,,,
216, Lettuce,Fall,Grain,Arizona,https://i.insider.com/5a58f55b55ac5635008b4579,,,,,,,,,,,,,,,,0,0,1,0,0,0,0,0,0,0,0,0,0,0,0,0,0,0,0,0,0,0,0,0,0,0,0,0,0,0,0,0,0,0,0,0,0,0,0,0,0,0,0,0,0,0,0,0,0,0,,,,,,,,,
217, Potatoes,Spring,Fruit,Idaho,https://i.insider.com/5bb788bd01145533656c2c95,,,,,,,,,,,,,,,,0,0,0,0,0,0,0,0,0,0,0,1,0,0,0,0,0,0,0,0,0,0,0,0,0,0,0,0,0,0,0,0,0,0,0,0,0,0,0,0,0,0,0,0,0,0,0,0,0,0,,,,,,,,,
218, Soybeans,Fall,Vegetable,Iowa,https://i.insider.com/5ba28e869c888df6038b4568,,,,,,,,,,,,,,,,0,0,0,0,0,0,0,0,0,0,0,0,0,0,1,0,0,0,0,0,0,0,0,0,0,0,0,0,0,0,0,0,0,0,0,0,0,0,0,0,0,0,0,0,0,0,0,0,0,0,,,,,,,,,
219, Peas,Spring,Vegetable,Wisconsin,https://i.insider.com/5c5cb2f9eb3ce802d6635bc5,,,,,,,,,,,,,,,,0,0,0,0,0,0,0,0,0,0,0,0,0,0,0,0,0,0,0,0,0,0,0,0,0,0,0,0,0,0,0,0,0,0,0,0,0,0,0,0,0,0,0,0,0,0,0,0,1,0,,,,,,,,,
220, Apples,Summer,Vegetable,New Hampshire,https://i.insider.com/5c5c9f17eb3ce8134367a4e8,,,,,,,,,,,,,,,,0,0,0,0,0,0,0,0,0,0,0,0,0,0,0,0,0,0,0,0,0,0,0,0,0,0,0,0,1,0,0,0,0,0,0,0,0,0,0,0,0,0,0,0,0,0,0,0,0,0,,,,,,,,,
221, Cranberries,Fall,Fruit,Massachusetts,https://i.insider.com/5c5c9630eb3ce849f977e552,,,,,,,,,,,,,,,,0,0,0,0,0,0,0,0,0,0,0,0,0,0,0,0,0,0,0,0,1,0,0,0,0,0,0,0,0,0,0,0,0,0,0,0,0,0,0,0,0,0,0,0,0,0,0,0,0,0,,,,,,,,,
222, Tomatoes,Summer,Fruit,Indiana,https://i.insider.com/5b71d7abbda1c729008b45af,,,,,,,,,,,,,,,,0,0,0,0,0,0,0,0,0,0,0,0,0,1,0,0,0,0,0,0,0,0,0,0,0,0,0,0,0,0,0,0,0,0,0,0,0,0,0,0,0,0,0,0,0,0,0,0,0,0,,,,,,,,,
223, Rice,Spring,Fruit,Texas,https://i.insider.com/5c5cade5eb3ce801d74fe223,,,,,,,,,,,,,,,,0,0,0,0,0,0,0,0,0,0,0,0,0,0,0,0,0,0,0,0,0,0,0,0,0,0,0,0,0,0,0,0,0,0,0,0,0,0,0,0,0,0,1,0,0,0,0,0,0,0,,,,,,,,,
224, Cabbage,Spring,Grain,New york,https://i.insider.com/598a170eb9cd6c2f008b490b,,,,,,,,,,,,,,,,0,0,0,0,0,0,0,0,0,0,0,0,0,0,0,0,0,0,0,0,0,0,0,0,0,0,0,0,0,0,0,1,0,0,0,0,0,0,0,0,0,0,0,0,0,0,0,0,0,0,,,,,,,,,
225, Lentils,Spring,Other,Montana,https://i.insider.com/5c5c9c6beb3ce812b73b2353,,,,,,,,,,,,,,,,0,0,0,0,0,0,0,0,0,0,0,0,0,0,0,0,0,0,0,0,0,0,0,0,0,1,0,0,0,0,0,0,0,0,0,0,0,0,0,0,0,0,0,0,0,0,0,0,0,0,,,,,,,,,
226, Peaches,Spring,Vegetable,Pennsylvania,https://i.insider.com/5c5ca710eb3ce815e519c154,,,,,,,,,,,,,,,,0,0,0,0,0,0,0,0,0,0,0,0,0,0,0,0,0,0,0,0,0,0,0,0,0,0,0,0,0,0,0,0,0,0,0,0,0,1,0,0,0,0,0,0,0,0,0,0,0,0,,,,,,,,,
227, Grapes,Spring,Fruit,California,https://i.insider.com/5aba6f5c32167424008b45b7,,,,,,,,,,,,,,,,0,0,0,0,1,0,0,0,0,0,0,0,0,0,0,0,0,0,0,0,0,0,0,0,0,0,0,0,0,0,0,0,0,0,0,0,0,0,0,0,0,0,0,0,0,0,0,0,0,0,,,,,,,,,
228, Watermelon,Spring,Grain,Delaware,https://i.insider.com/594bd0f2298d4a22008b45b6,,,,,,,,,,,,,,,,0,0,0,0,0,0,0,1,0,0,0,0,0,0,0,0,0,0,0,0,0,0,0,0,0,0,0,0,0,0,0,0,0,0,0,0,0,0,0,0,0,0,0,0,0,0,0,0,0,0,,,,,,,,,
229, Macadamia nuts,Fall,Fruit,Hawaii,https://i.insider.com/5c5c7313eb3ce84286044ca3,,,,,,,,,,,,,,,,0,0,0,0,0,0,0,0,0,0,1,0,0,0,0,0,0,0,0,0,0,0,0,0,0,0,0,0,0,0,0,0,0,0,0,0,0,0,0,0,0,0,0,0,0,0,0,0,0,0,,,,,,,,,
230, Potatoes,Spring,Fruit,Maine,https://i.insider.com/5c5c92f9eb3ce80fce619f34,,,,,,,,,,,,,,,,0,0,0,0,0,0,0,0,0,0,0,0,0,0,0,0,0,0,1,0,0,0,0,0,0,0,0,0,0,0,0,0,0,0,0,0,0,0,0,0,0,0,0,0,0,0,0,0,0,0,,,,,,,,,
231, Wheat,Winter,Fruit,Kansas,https://i.insider.com/5c5c5ca8eb3ce86aa00c2c74,,,,,,,,,,,,,,,,0,0,0,0,0,0,0,0,0,0,0,0,0,0,0,1,0,0,0,0,0,0,0,0,0,0,0,0,0,0,0,0,0,0,0,0,0,0,0,0,0,0,0,0,0,0,0,0,0,0,,,,,,,,,
232, Dry beans,Spring,Vegetable,North Dakota,https://i.insider.com/594adee216160f1b008b456e,,,,,,,,,,,,,,,,0,0,0,0,0,0,0,0,0,0,0,0,0,0,0,0,0,0,0,0,0,0,0,0,0,0,0,0,0,0,0,0,0,1,0,0,0,0,0,0,0,0,0,0,0,0,0,0,0,0,,,,,,,,,
233, Peanuts,Spring,Vegetable,Alabama,https://i.insider.com/5c5b5e99eb3ce84c0f72abc3,,,,,,,,,,,,,,,,1,0,0,0,0,0,0,0,0,0,0,0,0,0,0,0,0,0,0,0,0,0,0,0,0,0,0,0,0,0,0,0,0,0,0,0,0,0,0,0,0,0,0,0,0,0,0,0,0,0,,,,,,,,,
234, Rice,Spring,Vegetable,Arkansas,https://i.insider.com/5c5c4e24eb3ce8306b545ed8,,,,,,,,,,,,,,,,0,0,0,1,0,0,0,0,0,0,0,0,0,0,0,0,0,0,0,0,0,0,0,0,0,0,0,0,0,0,0,0,0,0,0,0,0,0,0,0,0,0,0,0,0,0,0,0,0,0,,,,,,,,,
235, Blueberries,Summer,Fruit,Georgia,https://i.insider.com/55d36369371d22472c8be8f5,,,,,,,,,,,,,,,,0,0,0,0,0,0,0,0,0,1,0,0,0,0,0,0,0,0,0,0,0,0,0,0,0,0,0,0,0,0,0,0,0,0,0,0,0,0,0,0,0,0,0,0,0,0,0,0,0,0,,,,,,,,,
236, Cherries,Spring,Fruit,Michigan,https://i.insider.com/5c5c980beb3ce84a622cfa54,,,,,,,,,,,,,,,,0,0,0,0,0,0,0,0,0,0,0,0,0,0,0,0,0,0,0,0,0,1,0,0,0,0,0,0,0,0,0,0,0,0,0,0,0,0,0,0,0,0,0,0,0,0,0,0,0,0,,,,,,,,,
237, Tart cherries,Fall,Fruit,Utah,https://i.insider.com/5666033cc2814424008b8251,,,,,,,,,,,,,,,,0,0,0,0,0,0,0,0,0,0,0,0,0,0,0,0,0,0,0,0,0,0,0,0,0,0,0,0,0,0,0,0,0,0,0,0,0,0,0,0,0,0,0,1,0,0,0,0,0,0,,,,,,,,,
238, Peanuts,Summer,Fruit,Oklahoma,https://i.insider.com/527b91b86bb3f77155df1749,,,,,,,,,,,,,,,,0,0,0,0,0,0,0,0,0,0,0,0,0,0,0,0,0,0,0,0,0,0,0,0,0,0,0,0,0,0,0,0,0,0,0,1,0,0,0,0,0,0,0,0,0,0,0,0,0,0,,,,,,,,,
239, Tomatoes,Summer,Vegetable,New Jersey,https://i.insider.com/5c5c9ff8eb3ce84ca62ec034,,,,,,,,,,,,,,,,0,0,0,0,0,0,0,0,0,0,0,0,0,0,0,0,0,0,0,0,0,0,0,0,0,0,0,0,0,1,0,0,0,0,0,0,0,0,0,0,0,0,0,0,0,0,0,0,0,0,,,,,,,,,
240, Pumpkins,Summer,Fruit,Illinois,https://i.insider.com/5c5c7721eb3ce802602fe205,,,,,,,,,,,,,,,,0,0,0,0,0,0,0,0,0,0,0,0,1,0,0,0,0,0,0,0,0,0,0,0,0,0,0,0,0,0,0,0,0,0,0,0,0,0,0,0,0,0,0,0,0,0,0,0,0,0,,,,,,,,,
241, Melons,Spring,Fruit,South Carolina,https://i.insider.com/5c06de695930f85fbd2bce42,,,,,,,,,,,,,,,,0,0,0,0,0,0,0,0,0,0,0,0,0,0,0,0,0,0,0,0,0,0,0,0,0,0,0,0,0,0,0,0,0,0,0,0,0,0,0,1,0,0,0,0,0,0,0,0,0,0,,,,,,,,,
242, Soybeans,Fall,Fruit,Missouri,https://i.insider.com/5c5c9af5eb3ce84b5777ef53,,,,,,,,,,,,,,,,0,0,0,0,0,0,0,0,0,0,0,0,0,0,0,0,0,0,0,0,0,0,0,0,1,0,0,0,0,0,0,0,0,0,0,0,0,0,0,0,0,0,0,0,0,0,0,0,0,0,,,,,,,,,
243, Sweet potato,Spring,Grain,North Carolina,https://i.insider.com/5c5ca317eb3ce84d94779bf3,,,,,,,,,,,,,,,,0,0,0,0,0,0,0,0,0,0,0,0,0,0,0,0,0,0,0,0,0,0,0,0,0,0,0,0,0,0,0,0,1,0,0,0,0,0,0,0,0,0,0,0,0,0,0,0,0,0,,,,,,,,,
244, Oranges,Spring,Fruit,Florida,https://i.insider.com/56b10610dd0895bc798b46eb,,,,,,,,,,,,,,,,0,0,0,0,0,0,0,0,1,0,0,0,0,0,0,0,0,0,0,0,0,0,0,0,0,0,0,0,0,0,0,0,0,0,0,0,0,0,0,0,0,0,0,0,0,0,0,0,0,0,,,,,,,,,
245, Maple syrup,Fall,Other,Vermont,https://i.insider.com/5a7e1a97daa01798018b466e,,,,,,,,,,,,,,,,0,0,0,0,0,0,0,0,0,0,0,0,0,0,0,0,0,0,0,0,0,0,0,0,0,0,0,0,0,0,0,0,0,0,0,0,0,0,0,0,0,0,0,0,1,0,0,0,0,0,,,,,,,,,
246, Sugar beet,Spring,Fruit,Colorado,https://i.insider.com/5c5c6828eb3ce84096503a93,,,,,,,,,,,,,,,,0,0,0,0,0,1,0,0,0,0,0,0,0,0,0,0,0,0,0,0,0,0,0,0,0,0,0,0,0,0,0,0,0,0,0,0,0,0,0,0,0,0,0,0,0,0,0,0,0,0,,,,,,,,,
247, Corn,Spring,Fruit,Kentucky,https://i.insider.com/5c5c9092eb3ce8076751f705,,,,,,,,,,,,,,,,0,0,0,0,0,0,0,0,0,0,0,0,0,0,0,0,1,0,0,0,0,0,0,0,0,0,0,0,0,0,0,0,0,0,0,0,0,0,0,0,0,0,0,0,0,0,0,0,0,0,,,,,,,,,
248, Spinach,Spring,Fruit,Maryland,https://i.insider.com/5acbc606facba849008b45c0,,,,,,,,,,,,,,,,0,0,0,0,0,0,0,0,0,0,0,0,0,0,0,0,0,0,0,1,0,0,0,0,0,0,0,0,0,0,0,0,0,0,0,0,0,0,0,0,0,0,0,0,0,0,0,0,0,0,,,,,,,,,
249, Tomatoes,Spring,Vegetable,Tennessee,https://i.insider.com/5c5cac7aeb3ce80ecc0fe9d7,,,,,,,,,,,,,,,,0,0,0,0,0,0,0,0,0,0,0,0,0,0,0,0,0,0,0,0,0,0,0,0,0,0,0,0,0,0,0,0,0,0,0,0,0,0,0,0,0,1,0,0,0,0,0,0,0,0,,,,,,,,,
250, Corn,Fall,Vegetable,Wyoming,https://i.insider.com/5ace3cedfacba81f008b462a,,,,,,,,,,,,,,,,0,0,0,0,0,0,0,0,0,0,0,0,0,0,0,0,0,0,0,0,0,0,0,0,0,0,0,0,0,0,0,0,0,0,0,0,0,0,0,0,0,0,0,0,0,0,0,0,0,1,,,,,,,,,
