Flower Name,Blooms in,Zones,Sun Needs,Soil Needs,Height,Features,Picture Link
Aconite,Early Spring,4--9,Partial Shade,Well-drained,0.25 --0.5 feet,Deer resistant,https://www.proflowers.com/blog/wp-content/plugins/pf-flowertypes/image/winter-aconite-720790.jpg
Ageratum, Mid Summer,5--9,Full Sun / Partial Shade,Well-drained,0.5 --2 feet,Good for cut flowers,https://www.proflowers.com/blog/wp-content/plugins/pf-flowertypes/image/ageratum-773201.jpg
Allium,Late Spring ,3--10,Full Sun,Well-drained,1 --6 feet,Good for cut flowers,https://www.proflowers.com/blog/wp-content/plugins/pf-flowertypes/image/purple-882161.jpg
Anemone,Mid Spring ,3--9,Full Sun / Partial Shade,"Well-drained, High fertility",2.5 --5 feet,Deer resistant,https://www.proflowers.com/blog/wp-content/plugins/pf-flowertypes/image/summer-anemone-224501.jpg
Angelica,Entire Summer,4--9,Partial Shade / Full Shade,"Well-drained, High fertility",3 --6 feet,Deer resistant,https://www.proflowers.com/blog/wp-content/plugins/pf-flowertypes/image/angelica-400956.jpg
Angelonia, Mid Summer,9--11,Full Sun,Damp,2 --3 feet,Tolerates heat,https://www.proflowers.com/blog/wp-content/plugins/pf-flowertypes/image/2826831993-e747eb6b05-b.jpg
Artemisia,Late Summer,6 --8,Full Sun,Well-drained,2 --3 feet,Non-invasive,https://www.proflowers.com/blog/wp-content/plugins/pf-flowertypes/image/artemisia-vulgaris-848743.jpg
Aster,Late Spring ,4--8,Full Sun / Partial Shade,Well-drained,0.25 --4 feet,Good for cut flowers,https://www.proflowers.com/blog/wp-content/plugins/pf-flowertypes/image/aster-tongolensis-57764.jpg
Astilbe,Late Spring ,4--9,Full Sun / Partial Shade,"Well-drained, High fertility",1.5 --6 feet,Good for cut flowers,https://www.proflowers.com/blog/wp-content/plugins/pf-flowertypes/image/prachtspiere-167249.jpg
Aubrieta,Mid Spring ,4 --9,Full Sun,"Well-drained, High fertility",0.5 --0.75 feet,Non-invasive,https://www.proflowers.com/blog/wp-content/plugins/pf-flowertypes/image/blue-pillow-52188.jpg
Azalea,Entire Spring,3 --6,Partial Shade,Well-drained,3 --4 feet,Good for cut flowers,https://www.proflowers.com/blog/wp-content/plugins/pf-flowertypes/image/flower-678629.jpg
Balloon Flower,Entire Summer,4 --9,Full Sun / Partial Shade,Well-drained,2.5 --3.5 feet,Deer resistant,https://www.proflowers.com/blog/wp-content/plugins/pf-flowertypes/image/balloon-flower-829670.jpg
Balsam,Early Summer ,3 --7,Full Sun / Partial Shade,Well-drained,1 --2.5 feet,Tolerates heat,https://www.proflowers.com/blog/wp-content/plugins/pf-flowertypes/image/balsam-408530.jpg
Baneberry,Late Spring,3 --9,Partial Shade / Full Shade,Well-drained,1.5 --3.5 feet,Non-invasive,https://www.proflowers.com/blog/wp-content/plugins/pf-flowertypes/image/actaea-spicata-baneberry.jpg
Basket of Gold,Late Spring ,4 --8,Full Sun,Well-drained,0.5 --0.75 feet,Deer resistant,https://www.proflowers.com/blog/wp-content/plugins/pf-flowertypes/image/flowers-882835-640.jpg
Bee Balm, Mid Summer,4 --9,Full Sun / Partial Shade,Damp,2 --4 feet,"Attracts bees, butterflies",https://www.proflowers.com/blog/wp-content/plugins/pf-flowertypes/image/bee-balm-1043110.jpg
Begonia,Late Spring ,8 --10,Full Sun / Partial Shade,Well-drained,0.5 --1.5 feet,Deer resistant,https://www.proflowers.com/blog/wp-content/plugins/pf-flowertypes/image/flower-788969.jpg
Bellflower,Early Summer,3 --8,Full Sun / Partial Shade,Well-drained,0.25 --4 feet,Good for cut flowers,https://www.proflowers.com/blog/wp-content/plugins/pf-flowertypes/image/bellflower-296124.jpg
Bergenia,Entire Spring,3 --8,Full Sun / Partial Shade,Damp,1 --2 feet,Deer resistant,https://www.proflowers.com/blog/wp-content/plugins/pf-flowertypes/image/bergenia-407884.jpg
Blackeyed Susan,Late Summer ,3 --9,Full Sun,Well-drained,1 --3 feet,Good for cut flowers,https://www.proflowers.com/blog/wp-content/plugins/pf-flowertypes/image/black-eyed-susan-334122.jpg
Bleeding Heart,Late Spring ,3 --9,Partial Shade,"Well-drained, Damp",1.5 --4 feet,Good for cut flowers,https://www.proflowers.com/blog/wp-content/plugins/pf-flowertypes/image/plant-859459.jpg
Bloodroot,Early Spring,3 --9,Partial Shade / Full Shade,Well-drained,0.25 --0.75 feet,Non-invasive,https://www.proflowers.com/blog/wp-content/plugins/pf-flowertypes/image/flower-554511.jpg
Boneset,Late Summer ,4 --9,Full Sun / Partial Shade,Well-drained,3 --5 feet,"Attracts bees, butterflies",https://www.proflowers.com/blog/wp-content/plugins/pf-flowertypes/image/eupatorium-perfoliatum-sca-04381.jpg
Browallia, Mid Summer,2 --11,Partial Shade / Full Shade,Well-drained,1 --2 feet,Attracts humingbirds,https://www.proflowers.com/blog/wp-content/plugins/pf-flowertypes/image/img-7246-browallia-speciosa.jpg
Bugleweed,Late Spring ,3 --9,Partial Shade / Full Shade,Well-drained,0.25 --0.5 feet,Tolerates heat,https://www.proflowers.com/blog/wp-content/plugins/pf-flowertypes/image/ajuga-reptans-846545.jpg
Bugloss,Entire Summer,3 --8,All Sun Types,Well-drained,3 --5 feet,Non-invasive,https://www.proflowers.com/blog/wp-content/plugins/pf-flowertypes/image/blue-87504.jpg
Buttercup,Late Spring ,3 --8,Full Sun / Partial Shade,Well-drained,1 --2 feet,Non-invasive,https://www.proflowers.com/blog/wp-content/plugins/pf-flowertypes/image/buttercup-841225.jpg
Butterfly Weed, Mid Summer,4 --9,Full Sun,Well-drained,2 --3 feet,Good for cut flowers,https://www.proflowers.com/blog/wp-content/plugins/pf-flowertypes/image/butterfly-weed-50188.jpg
Caladium,Early Spring ,10 --11,Partial Shade / Full Shade,"Well-drained, Damp",1 --2 feet,Non-invasive,https://www.proflowers.com/blog/wp-content/plugins/pf-flowertypes/image/caladium-673899.jpg
Calendula,Late Spring ,9 --11,Full Sun / Partial Shade,Well-drained,1 --2 feet,Good for cut flowers,https://www.proflowers.com/blog/wp-content/plugins/pf-flowertypes/image/marigold-437818.jpg
California Poppy,Early Summer ,5 --10,Full Sun,Well-drained,0.5 --1 feet,Good for cut flowers,https://www.proflowers.com/blog/wp-content/plugins/pf-flowertypes/image/eschscholzia-californica-167272.jpg
Canterbury Bells,Late Spring ,5 --8,Full Sun / Partial Shade,Well-drained,1.5 --3 feet,Good for cut flowers,https://www.proflowers.com/blog/wp-content/plugins/pf-flowertypes/image/campanula-361364.jpg
Cardinal Flower, Mid Summer,2 --9,Partial Shade,Damp,3 --4 feet,Attracts butterflies,https://www.proflowers.com/blog/wp-content/plugins/pf-flowertypes/image/cardinal-flower-86592.jpg
Carnation,Early Spring ,3 --8,Full Sun,Well-drained,1.5 --2 feet,Good for cut flowers,https://www.proflowers.com/blog/wp-content/plugins/pf-flowertypes/image/carnation-833383.jpg
Castor Bean, Mid Summer,8 --10,Full Sun,Well-drained,4 --10 feet,Deer resistant,https://www.proflowers.com/blog/wp-content/plugins/pf-flowertypes/image/red-castor-bean-leaf-941839.jpg
Catmint,Early Summer,3 --8,Full Sun / Partial Shade,Dry,1 --2 feet,Attracts beneficial insects,https://www.proflowers.com/blog/wp-content/plugins/pf-flowertypes/image/8929943172-e96c6bcd6f.jpg
Celosia, Mid Summer,2 --11,Full Sun / Partial Shade,"Well-drained, High fertility",0.5 --3 feet,Good for cut flowers,https://www.proflowers.com/blog/wp-content/plugins/pf-flowertypes/image/celosia-731437.jpg
Chives,Late Spring,3 --9,Full Sun / Partial Shade,Well-drained,0.5 --1 foot,Good for cut flowers,https://www.proflowers.com/blog/wp-content/plugins/pf-flowertypes/image/chives-810932.jpg
Chrysanthemum, Mid Summer,3 --9,Full Sun / Partial Shade,Well-drained,1 --3 feet,Good for cut flowers,https://www.proflowers.com/blog/wp-content/plugins/pf-flowertypes/image/chrysanthemum-1051770.jpg
Clary Sage,Late Spring ,5 --11,Full Sun / Partial Shade,Well-drained,1.5 --3 feets,Good for cut flowers,https://www.proflowers.com/blog/wp-content/plugins/pf-flowertypes/image/salvia-pratensis-839488.jpg
Cleome,Mid Summer,4 --11,Full Sun / Partial Shade,Well-drained,3 --5 feet,Good for cut flowers,https://www.proflowers.com/blog/wp-content/plugins/pf-flowertypes/image/spider-flower-55027.jpg
Coleus,Mid Summer,2 --11,Partial Shade,Well-drained,0.5 --3 feet,Non-invasive,https://www.proflowers.com/blog/wp-content/plugins/pf-flowertypes/image/nature-686480.jpg
Columbine,Mid Spring ,3 --8,Full Sun / Partial Shade,Well-drained,1.5 --3 feet,Good for cut flowers,https://www.proflowers.com/blog/wp-content/plugins/pf-flowertypes/image/columbine-831740.jpg
Comfrey,Late Spring ,3 --9,Full Sun / Partial Shade,Damp,1 --5 feet,Non-invasive,https://www.proflowers.com/blog/wp-content/plugins/pf-flowertypes/image/rough-comfrey-115169.jpg
Coneflower,Mid Summer,3 --9,Full Sun,Well-drained,1.5 --5 feet,Good for cut flowers,https://www.proflowers.com/blog/wp-content/plugins/pf-flowertypes/image/coneflowers-481005.jpg
Coreopsis,Late Summer ,3 --9,Full Sun / Partial Shade,Well-drained,1 --3 feet,Good for cut flowers,https://www.proflowers.com/blog/wp-content/plugins/pf-flowertypes/image/coreopsis-70754.jpg
Corydalis,Early Summer ,5 --7,Partial Shade / Full Shade,Well-drained,1 --1.5 feet,Deer resistant,https://www.proflowers.com/blog/wp-content/plugins/pf-flowertypes/image/corydalis-ambigua.jpg
Cosmos, Mid Summer,2 --11,Full Sun / Partial Shade,Well-drained,1 --6 feet,Good for cut flowers,https://www.proflowers.com/blog/wp-content/plugins/pf-flowertypes/image/cosmos-flower-433424.jpg
Crocus,Early Spring,3 --8,Full Sun / Partial Shade,Well-drained,0.25 --0.3 feet,Non-invasive,https://www.proflowers.com/blog/wp-content/plugins/pf-flowertypes/image/spring-678225.jpg
Crown Imperial,Mid Spring,5 --9,Full Sun,Well-drained,2 --3 feet,Deer resistant,https://www.proflowers.com/blog/wp-content/plugins/pf-flowertypes/image/imperial-crown-52127.jpg
Cushion Spurge,Mid Spring ,4 --8 ,Full Sun,Well-drained,1 --1.5 feet,Non-invasive,https://www.proflowers.com/blog/wp-content/plugins/pf-flowertypes/image/euphorbia-epithymoides-002.jpg
Cyclamen,Early Spring,5 --9,Partial Shade,Well-drained,0.25 --0.5 feet,Non-invasive,https://www.proflowers.com/blog/wp-content/plugins/pf-flowertypes/image/cyclamen-194431.jpg
Daffodil,Entire Spring,3 --9,Full Sun,Well-drained,0.25 --2 feet,Good for cut flowers,https://www.proflowers.com/blog/wp-content/plugins/pf-flowertypes/image/flower-661585.jpg
Dahlia, Mid Summer,8 --10,Full Sun,Well-drained,2.5 --5.5 feet,Good for cut flowers,https://www.proflowers.com/blog/wp-content/plugins/pf-flowertypes/image/flower-197343.jpg
Daisy, Mid Summer,2 --11,Full Sun,Well-drained,0.8 --3 feet,Good for cut flowers,https://www.proflowers.com/blog/wp-content/plugins/pf-flowertypes/image/daisies-276112.jpg
Dame’s Rocket,Late Spring ,4 --9,Full Sun / Partial Shade,Well-drained,2 --3 feet,Good for cut flowers,https://www.proflowers.com/blog/wp-content/plugins/pf-flowertypes/image/dames-rocket2.jpg
Delphinium,Early Summer ,3 --7,Full Sun,Well-drained,3 --8 feet,Good for cut flowers,https://www.proflowers.com/blog/wp-content/plugins/pf-flowertypes/image/delphinium-456347.jpg
Diascia,Early Summer ,8 --9,Full Sun,Well-drained,0.5 --1 foot,Non-invasive,https://www.proflowers.com/blog/wp-content/plugins/pf-flowertypes/image/nature-679346.jpg
Dusty Miller,Late Summer ,8 --10,Full Sun / Partial Shade,Well-drained,0.75 --2 feet,Good for pressed flowers,https://www.proflowers.com/blog/wp-content/plugins/pf-flowertypes/image/plant-93460.jpg
Dutchman's Breeches,Mid Spring,3 --8,Partial Shade,Well-drained,0.5 --1 foot,Non-invasive,https://www.proflowers.com/blog/wp-content/plugins/pf-flowertypes/image/dicentra-cucullaria.jpg
Epimedium,Mid Spring ,4 --8,Partial Shade / Full Shade,Well-drained,0.25 --1.5 feet,Deer resistant,https://www.proflowers.com/blog/wp-content/plugins/pf-flowertypes/image/elfenblume-epimedium-x-versicolor.jpg
Evergreen Candytuft ,Mid Spring,5 --9,Full Sun,Well-drained,0.5 --1 feet,Tolerates heat,https://www.proflowers.com/blog/wp-content/plugins/pf-flowertypes/image/evergreen-candytuft-324393.jpg
Fennel,Mid Summer,4 --9,Full Sun,Well-drained,3 --6 feet,Attracts beneficial insects,https://www.proflowers.com/blog/wp-content/plugins/pf-flowertypes/image/fennel-223059.jpg
Fountain Grass,Late Spring ,6 --11,Full Sun / Partial Shade,Well-drained,2 --4 feet,Deer resistant,https://www.proflowers.com/blog/wp-content/plugins/pf-flowertypes/image/purple-fountain-grass-7797.jpg
Foxglove,Late Spring ,4 --8,All Sun Types,Well-drained,1 --6 feet,Good for cut flowers,https://www.proflowers.com/blog/wp-content/plugins/pf-flowertypes/image/thimble-397911.jpg
Gaillardia,Early Summer ,5 --9,Full Sun,Well-drained,0.66 --2 feet,Good for cut flowers,https://www.proflowers.com/blog/wp-content/plugins/pf-flowertypes/image/gaillardia-370546.jpg
Gas Plant,Late Spring ,3 --8,Full Sun,Well-drained,2 --4 feet,Deer resistant,https://www.proflowers.com/blog/wp-content/plugins/pf-flowertypes/image/dictamnus-169656.jpg
Gaura,Mid Summer,5 --10,Full Sun,Well-drained,3 --4 feet,Good for cut flowers,https://www.proflowers.com/blog/wp-content/plugins/pf-flowertypes/image/gaura-lindheimeri-cherry-brandy-2.jpg
Gazania,Early Summer ,8 --10,Full Sun,Well-drained,0.5 --1.5 feet,Attracts butterflies,https://www.proflowers.com/blog/wp-content/plugins/pf-flowertypes/image/gazanie-499110.jpg
Geranium,Early Summer ,4 --8,All Sun Types,Well-drained,0.75 --2.5 feet,Deer resistant,https://www.proflowers.com/blog/wp-content/plugins/pf-flowertypes/image/cranesbill-141576.jpg
Geum,Late Spring ,5 --8,All Sun Types,Well-drained,1 --2 feet,Non-invasive,https://www.proflowers.com/blog/wp-content/plugins/pf-flowertypes/image/flower-743753.jpg
Globe Thistle, Mid Summer,4--9,Full Sun,Well-drained,2 --4 feet,Attracts butterflies,https://www.proflowers.com/blog/wp-content/plugins/pf-flowertypes/image/globe-thistle-53355.jpg
Glory of the Snow,Early Spring,4 --9,All Sun Types,Well-drained,0.3 --0.5 foot,Non-invasive,https://www.proflowers.com/blog/wp-content/plugins/pf-flowertypes/image/star-hyacinth-682369.jpg
Goatsbeard,Entire Summer,3 --9,Partial Shade / Full Shade,Well-drained,4 --6.5 feet,Non-invasive,https://www.proflowers.com/blog/wp-content/plugins/pf-flowertypes/image/forests-geibart-167247.jpg
Golden Marguerite,Entire Summer,3 --7,Full Sun,Well-drained,2 --3 feet,Good for cut flowers,https://www.proflowers.com/blog/wp-content/plugins/pf-flowertypes/image/golden-yellow-flowers-957729.jpg
Gomphrena, Mid Summer,7 --10,Full Sun,Well-drained,0.5 --2 feet,Good for cut flowers,https://www.proflowers.com/blog/wp-content/plugins/pf-flowertypes/image/globe-amaranth-969222.jpg
Heliotrope, Mid Summer,10 --11,All Sun Types,Well-drained,1.5 --3 feet,Attracts butterflies,https://www.proflowers.com/blog/wp-content/plugins/pf-flowertypes/image/valerian-413021.jpg
Hepatica,Early Spring ,5 --8,Partial Shade / Full Shade,Well-drained,0.25 --0.5 foot,Non-invasive,https://www.proflowers.com/blog/wp-content/plugins/pf-flowertypes/image/hepatica-748456.jpg
Hollyhock,Mid Summer,3 --9,All Sun Types,Well-drained,4 --8 feet,Non-invasive,https://www.proflowers.com/blog/wp-content/plugins/pf-flowertypes/image/stock-rose-380072.jpg
Hosta,Entire Summer,3 --9,Partial Shade / Full Shade,Well-drained,1 --feet,Non-invasive,https://www.proflowers.com/blog/wp-content/plugins/pf-flowertypes/image/hosta-837182.jpg
Hyacinth,Mid Summer,4 --9,Full Sun,Well-drained,1 --3 feet,Non-invasive,https://www.proflowers.com/blog/wp-content/plugins/pf-flowertypes/image/hyacinth-21687.jpg
Hyssop, Mid Summer,3 --10,Full Sun,Well-drained,1 --2 feet,Good for cut flowers,https://www.proflowers.com/blog/wp-content/plugins/pf-flowertypes/image/hyssopus-officinalis-002.jpg
Impatiens,Early Summer ,8 --10,Partial Shade / Full Shade,Well-drained,0.5 --2.5 feet,Non-invasive,https://www.proflowers.com/blog/wp-content/plugins/pf-flowertypes/image/impatiens-666480.jpg
Iris,Early Spring ,3 --9,All Sun Types,Well-drained,0.25 --6 foot,Good for cut flowers,https://www.proflowers.com/blog/wp-content/plugins/pf-flowertypes/image/iris-639410.jpg
Jack-in-the-Pulpit,Mid Spring ,4 --9,All Sun Types,Well-drained,1 --1.5 feet,Non-invasive,https://www.proflowers.com/blog/wp-content/plugins/pf-flowertypes/image/jack-in-the-pulpit-907415.jpg
Jacob’s Ladder,Late Spring ,3 --9,All Sun Types,Well-drained,1 --3 feet,Non-invasive,https://www.proflowers.com/blog/wp-content/plugins/pf-flowertypes/image/vogelaeuglein-167240.jpg
Lady's Mantle,Entire Summer,3 --7,All Sun Types,Well-drained,1 --2 feet,Good for cut flowers,https://www.proflowers.com/blog/wp-content/plugins/pf-flowertypes/image/ladys-mantle-alchemilla-vulgaris-2816px.jpg
Lantana,Mid Summer,2 --11,Full Sun,Well-drained,2 --6 feet,Tolerates frost,https://www.proflowers.com/blog/wp-content/plugins/pf-flowertypes/image/lantana-699796.jpg
Lavender,Entire Summer,5 --9,Full Sun,Well-drained,1 --3 feet,Good for cut flowers,https://www.proflowers.com/blog/wp-content/plugins/pf-flowertypes/image/lavender-810522.jpg
Lavender Cotton, Mid Summer,6 --8,Full Sun,Well-drained,1 --2.5 feet,Non-invasive,https://www.proflowers.com/blog/wp-content/plugins/pf-flowertypes/image/lavender-cotton-341934.jpg
Leadwort,Late Summer ,5 --8,Full Sun / Partial Shade,Well-drained,0.75 --1 foot,Non-invasive,https://www.proflowers.com/blog/wp-content/plugins/pf-flowertypes/image/flowers-195967.jpg
Lemon Balm,Early Summer,3 --7,Full Sun / Partial Shade,Well-drained,2 --4 feet,Attracts bees,https://www.proflowers.com/blog/wp-content/plugins/pf-flowertypes/image/lemon-balm-787626.jpg
Lily,Entire Spring ,4 --8,Full Sun,Well-drained,2 --6 feet,Good for cut flowers,https://www.proflowers.com/blog/wp-content/plugins/pf-flowertypes/image/lily.jpg
Lobelia,Early Summer,2 --10,Full Sun / Partial Shade,Well-drained,0.33 --0.75 foot,Attracts butterflies,https://www.proflowers.com/blog/wp-content/plugins/pf-flowertypes/image/lobelia-777674.jpg
Lupine,Entire Summer,3 --9,Full Sun / Partial Shade,Well-drained,2.5 --5 feet,Good for cut flowers,https://www.proflowers.com/blog/wp-content/plugins/pf-flowertypes/image/beautiful-2223.jpg
Maiden Pink,Late Spring ,3 --9,Full Sun / Partial Shade,Well-drained,0.25 --1 foot,Non-invasive,https://www.proflowers.com/blog/wp-content/plugins/pf-flowertypes/image/maiden-pink-546015.jpg
Malva,Entire Summer,4 --9,Full Sun,Well-drained,0.5 --4 feet,Good for cut flowers,https://www.proflowers.com/blog/wp-content/plugins/pf-flowertypes/image/flower-774761.jpg
Marigold,Early Summer,2 --10,Full Sun,Well-drained,0.5 --1.25 feet,Good for cut flowers,https://www.proflowers.com/blog/wp-content/plugins/pf-flowertypes/image/flower-669579.jpg
Mazus,Late Spring ,3 --9,Full Sun / Partial Shade,Well-drained,0.04 --0.16 foot,Non-invasive,https://www.proflowers.com/blog/wp-content/plugins/pf-flowertypes/image/mazus-pumilus-flower.jpg
Mirabilis, Mid Summer,7 --11,Full Sun / Partial Shade,Well-drained,1.5 --2 feet,Attracts hummingbirds,https://www.proflowers.com/blog/wp-content/plugins/pf-flowertypes/image/mirabilis-jalapa-402433.jpg
Moonflower,Early Summer ,10 --11,Full Sun,Well-drained,6 --15 feet,Attracts hummingbirds,https://www.proflowers.com/blog/wp-content/plugins/pf-flowertypes/image/ipomoea-alba.jpg
Morning Glory,Early Summer,2 --11,Full Sun,Well-drained,6 --10 feet,Attracts hummingbirds,https://www.proflowers.com/blog/wp-content/plugins/pf-flowertypes/image/sky-blue-morning-glory-8793.jpg
Nasturtium,Early Summer ,9 --11,Full Sun,Well-drained,0.8 --1.5 feet,Good for cut flowers,https://www.proflowers.com/blog/wp-content/plugins/pf-flowertypes/image/nasturtium-686987.jpg
Nierembergia, Mid Summer,7 --10,Full Sun / Partial Shade,Well-drained,0.5 --1 foot,Good for cut flowers,https://www.proflowers.com/blog/wp-content/plugins/pf-flowertypes/image/nierembergia-frutescens.jpg
Orchid,Early Spring ,2 --8,Full Sun / Partial Shade,Well-drained,1 --2 ft,Good for cut flowers,https://www.proflowers.com/blog/wp-content/plugins/pf-flowertypes/image/orchid-648410.jpg
Osteospermum, Mid Summer,9 --11,Full Sun,Well-drained,2 --5 feet,Good for cut flowers,https://www.proflowers.com/blog/wp-content/plugins/pf-flowertypes/image/african-daisy-338121.jpg
Pansy,Entire Spring,2 --11,Full Sun / Partial Shade,Well-drained,0.5 --0.75 foot,Tolerates frost,https://www.proflowers.com/blog/wp-content/plugins/pf-flowertypes/image/pansy-826463.jpg
Pearly Everlasting, Mid Summer,3 --8,Full Sun / Partial Shade,Damp,1 --3 feet,Good for cut flowers,https://www.proflowers.com/blog/wp-content/plugins/pf-flowertypes/image/14939471371-f714900331.jpg
Perennial Flax,Entire Summer,5 --9,Full Sun,Well-drained,1 --2 feet,Tolerates heat,https://www.proflowers.com/blog/wp-content/plugins/pf-flowertypes/image/linum-narbonense-flor.jpg
Periwinkle,Mid Spring ,2 --11,Full Sun / Partial Shade,Droughty,1 --2 feet,Tolerates heat,https://www.proflowers.com/blog/wp-content/plugins/pf-flowertypes/image/periwinkle-166913.jpg
Petunia,Early Summer ,8 --11,Full Sun,Well-drained,0.66 --1 foot,Attracts butterflies and hummingbirds,https://www.proflowers.com/blog/wp-content/plugins/pf-flowertypes/image/petunia-662536.jpg
Pincushion Flower,Early Summer,3 --11,Full Sun,Well-drained,2 --3 feet,Good for cut flowers,https://www.proflowers.com/blog/wp-content/plugins/pf-flowertypes/image/field-scabious-167397.jpg
Polka Dot Plant,Mid Summer,10 --12,Partial Shade,Well-drained,0.5 --1.5 feet,Deer resistant,https://www.proflowers.com/blog/wp-content/plugins/pf-flowertypes/image/hypoestes-phyllostachya1.jpg
Primrose,Entire Spring,3 --8,Partial Shade,Well-drained,0.75 --1.5 feet,Non-invasive,https://www.proflowers.com/blog/wp-content/plugins/pf-flowertypes/image/flower-737864.jpg
Ranunculus,Early Spring ,4 --7,Full Sun,Well-drained,0.5 --3 feet,Good for cut flowers,https://www.proflowers.com/blog/wp-content/plugins/pf-flowertypes/image/flower-663507.jpg
Red Valerian,Mid Summer,5 --8,Full Sun,Well-drained,1.5 --3 feet,Good for cut flowers,https://www.proflowers.com/blog/wp-content/plugins/pf-flowertypes/image/centranthus-ruber-884234.jpg
Rock Soapwort,Early Spring ,2 --9,Full Sun,Well-drained,0.25 --0.75 foot,Deer resistant,https://www.proflowers.com/blog/wp-content/plugins/pf-flowertypes/image/caryophillaceae-saponaria-ocymoides-2.jpg
Rose,Late Spring ,2 --11,Full Sun,Well-drained,1 --10 feet,Good for cut flowers,https://www.proflowers.com/blog/wp-content/plugins/pf-flowertypes/image/rose-113735.jpg
Rue, Mid Summer,4 --9,Full Sun / Partial Shade,Well-drained,1.5 --3 feet,Good for pressed flowers,https://www.proflowers.com/blog/wp-content/plugins/pf-flowertypes/image/meadow-rue-909022.jpg
Sanvitalia,Early Summer ,10 --11,Full Sun,Well-drained,0.5 --1 feet,Non-invasive,https://www.proflowers.com/blog/wp-content/plugins/pf-flowertypes/image/flower-679333.jpg
Scarlet Sage, Mid Summer,3 --10,Full Sun / Partial Shade,Well-drained,1 --2 feet,Deer resistant,https://www.proflowers.com/blog/wp-content/plugins/pf-flowertypes/image/fire-sage-228379.jpg
Sea Lavender, Mid Summer,3 --9,Full Sun,Well-drained,1.5 --2 feet,Good for cut flowers,https://www.proflowers.com/blog/wp-content/plugins/pf-flowertypes/image/winged-beach-lilac-375590.jpg
Sea Thrift,Late Spring ,4 --8,Full Sun,Well-drained,0.5 --1 foot,Non-invasive,https://www.proflowers.com/blog/wp-content/plugins/pf-flowertypes/image/flowers-14448.jpg
Shirley Poppy,Late Spring ,3 --9,Full Sun,Well-drained,2 --3 feet,Good for cut flowers,https://www.proflowers.com/blog/wp-content/plugins/pf-flowertypes/image/poppies-381612.jpg
Shooting Star,Late Spring ,4 --8,Partial Shade / Full Shade,Well-drained,1 --2 feet,Non-invasive,https://www.proflowers.com/blog/wp-content/plugins/pf-flowertypes/image/372840525-f193108fe4.jpg
Silvermound,Mid Summer, 4 --8,Full Sun / Partial Shade,Well-drained,1 --2 feet,Tolerates heat,https://www.proflowers.com/blog/wp-content/plugins/pf-flowertypes/image/artemisia-schmidtiana-parc-de-bercy.jpg
Skunk Cabbage,Early Spring ,4 --9,Full Sun / Partial Shade,Damp,1 --2.5 feet,Non-invasive,https://www.proflowers.com/blog/wp-content/plugins/pf-flowertypes/image/yellow-skunk-cabbage-605523.jpg
Snapdragon, Mid Summer,9 --10,Full Sun,Well-drained,1 --3.5 feet,Good for cut flowers,https://www.proflowers.com/blog/wp-content/plugins/pf-flowertypes/image/yellow-144061.jpg
Snow in Summer,Late Spring ,3 --7,Full Sun,Well-drained,0.5 --1 foot,Deer resistant,https://www.proflowers.com/blog/wp-content/plugins/pf-flowertypes/image/cerastium-tomentosum-flower.jpg
Snowdrop,Early Spring,3 --9,Partial Shade,Well-drained,0.25 --0.5 feet,Non-invasive,https://www.proflowers.com/blog/wp-content/plugins/pf-flowertypes/image/snowdrop-523667.jpg
Solomon's Seal,Mid Spring ,3 --9,Full Sun / Partial Shade/Full Shade,Well-drained,1 --7 feet,Deer resistant,https://www.proflowers.com/blog/wp-content/plugins/pf-flowertypes/image/polygonatum-odoratum-338936.jpg
Entire Spring Snowflake,Early Spring,4 --8 ,Full Sun / Partial Shade,Well-drained,0.25 --1 foot,Non-invasive,https://www.proflowers.com/blog/wp-content/plugins/pf-flowertypes/image/snowflake-5665.jpg
Summer Savory, Mid Summer,5 --8,Full Sun,Well-drained,1 --1.5 feet,Good for pressed flowers,https://www.proflowers.com/blog/wp-content/plugins/pf-flowertypes/image/summer-savory-115371.jpg
Sunflower,Early Summer ,3 --10,Full Sun,Well-drained,1 --3 feet,Good for cut flowers,https://www.proflowers.com/blog/wp-content/plugins/pf-flowertypes/image/sunflower-290496.jpg
Sweet Alyssum,Late Spring ,7 --11,Full Sun / Partial Shade,Damp,0.2 --1 foot,Attracts butterflies,https://www.proflowers.com/blog/wp-content/plugins/pf-flowertypes/image/little-dorrit-322525.jpg
Sweet Woodruff,Late Spring,5 --8,Partial Shade / Full Shade,Well-drained,0.5 --1 foot,Deer resistant,https://www.proflowers.com/blog/wp-content/plugins/pf-flowertypes/image/8743214671-165e278b8f.jpg
Tansy, Mid Summer,4 --8,Full Sun,Well-drained,2 --4 feet,Good for pressed flowers,https://www.proflowers.com/blog/wp-content/plugins/pf-flowertypes/image/tansy-10381.jpg
Thunbergia, Mid Summer,9 --10,Full Sun,Well-drained,5 --8 feet,Non-invasive,https://www.proflowers.com/blog/wp-content/plugins/pf-flowertypes/image/black-eyed-susan-407767.jpg
Tithonia,Mid Summer,10 --11,Full Sun,Well-drained,3 --6 feet,Good for cut flowers,https://www.proflowers.com/blog/wp-content/plugins/pf-flowertypes/image/tithonia-diversifolia-765106.jpg
Torenia,Mid Summer,2 --11,Partial Shade,Well-drained,0.66 --1 foot,Attracts hummingbirds,https://www.proflowers.com/blog/wp-content/plugins/pf-flowertypes/image/8225263728-e0f786f37d.jpg
Trillium,Late Spring,3 --9,Partial Shade,Well-drained,1 --1.5 feet,Non-invasive,https://www.proflowers.com/blog/wp-content/plugins/pf-flowertypes/image/trillium-179717.jpg
Tulip,Entire Spring,4 --8,Full Sun,Well-drained,0.5 --2.5 feet,Good for cut flowers,https://www.proflowers.com/blog/wp-content/plugins/pf-flowertypes/image/tulip-271352.jpg
Verbena, Mid Summer,7 --9,Full Sun,Well-drained,0.3 --1.5 feet,Good for cut flowers,https://www.proflowers.com/blog/wp-content/plugins/pf-flowertypes/image/flowers-756181.jpg
Violet,Early Spring ,3 --9,Full Sun / Partial Shade,Well-drained,0.25 --1 foot,Non-invasive,https://www.proflowers.com/blog/wp-content/plugins/pf-flowertypes/image/plant-978227.jpg
Virginia Bluebell,Mid Spring,4 --9,Partial Shade,Damp,1 --1.5 feet,Non-invasive,https://www.proflowers.com/blog/wp-content/plugins/pf-flowertypes/image/virginiabluebells.jpg
Wild Senna,Mid Summer,4 --7,Full Sun,Well-drained,2 --4 feet,Attracts butterflies and hummingbirds,https://www.proflowers.com/blog/wp-content/plugins/pf-flowertypes/image/senna-multiglandulosa-5.jpg
Windflower,Early Spring,4 --8,Full Sun / Partial Shade,Well-drained,0.25 --0.5 foot,Deer resistant,https://www.proflowers.com/blog/wp-content/plugins/pf-flowertypes/image/anemone-nemorosa-18303.jpg
Yarrow,Mid Summer,3 --10,Full Sun,Well-drained,1.3 --3 feet,Deer resistant,https://www.proflowers.com/blog/wp-content/plugins/pf-flowertypes/image/yarrow-181683.jpg
Yellow Archangel,Late Spring ,3 --9,Partial Shade / Full Shade,Well-drained,1 --2 feet,Deer resistant,https://www.proflowers.com/blog/wp-content/plugins/pf-flowertypes/image/dead-nettle-474348.jpg
Yellow Loosestrife, Mid Summer,3 --9,Full Sun / Partial Shade,Damp,1.5 --3 feet,Good for cut flowers,https://www.proflowers.com/blog/wp-content/plugins/pf-flowertypes/image/loosestrife-8153.jpg
Zinnia,Mid Summer,2 --11,Full Sun,Well-drained,0.5 --2.5 feet,Good for cut flowers,https://www.proflowers.com/blog/wp-content/plugins/pf-flowertypes/image/zinnia-413564.jpg
