,Plant Name,Picture Link,Blooms,Zones,Sun Needs,Soil Needs,Features,Animal Feed,Flower,Fruit,Grain/Nut,Other,Vegetable,Fall,Fall and Winter,Spring,Spring and Summer,Summer,Winter,Alabama,Alaska,Arizona,Arkansas,California,Colorado,Connecticut,Delaware,Florida,Georgia,Hawaii,Idaho,Illinois,Indiana,Iowa,Kansas,Kentucky,Louisiana,Maine,Maryland,Massachusetts,Michigan,Minnesota,Mississippi,Missouri,Montana,Nebraska,Nevada,New Hampshire,New Jersey,New Mexico,New york,North Carolina,North Dakota,Ohio,Oklahoma,Oregon,Pennsylvania,Rhode Island,South Carolina,South Dakota,Tennessee,Texas,Utah,Vermont,Virginia,Washington,West Virginia,Wisconsin,Wyoming
0,Aconite,https://www.proflowers.com/blog/wp-content/plugins/pf-flowertypes/image/winter-aconite-720790.jpg,Early Spring,4--9,Partial Shade,Well-drained,Deer resistant,0,1,0,0,0,0,0,0,1,0,0,0,0,0,0,0,0,0,0,0,0,0,0,0,0,0,0,0,0,0,0,0,0,0,0,0,0,0,0,0,0,0,0,0,0,0,0,0,0,0,0,0,0,0,0,0,0,0,0,0,0,0
1,Ageratum,https://www.proflowers.com/blog/wp-content/plugins/pf-flowertypes/image/ageratum-773201.jpg, Mid Summer,5--9,Full Sun / Partial Shade,Well-drained,Good for cut flowers,0,1,0,0,0,0,0,0,0,0,1,0,0,0,0,0,0,0,0,0,0,0,0,0,0,0,0,0,0,0,0,0,0,0,0,0,0,0,0,0,0,0,0,0,0,0,0,0,0,0,0,0,0,0,0,0,0,0,0,0,0,0
2,Allium,https://www.proflowers.com/blog/wp-content/plugins/pf-flowertypes/image/purple-882161.jpg,Late Spring ,3--10,Full Sun,Well-drained,Good for cut flowers,0,1,0,0,0,0,0,0,1,0,0,0,0,0,0,0,0,0,0,0,0,0,0,0,0,0,0,0,0,0,0,0,0,0,0,0,0,0,0,0,0,0,0,0,0,0,0,0,0,0,0,0,0,0,0,0,0,0,0,0,0,0
3,Anemone,https://www.proflowers.com/blog/wp-content/plugins/pf-flowertypes/image/summer-anemone-224501.jpg,Mid Spring ,3--9,Full Sun / Partial Shade,"Well-drained, High fertility",Deer resistant,0,1,0,0,0,0,0,0,1,0,0,0,0,0,0,0,0,0,0,0,0,0,0,0,0,0,0,0,0,0,0,0,0,0,0,0,0,0,0,0,0,0,0,0,0,0,0,0,0,0,0,0,0,0,0,0,0,0,0,0,0,0
4,Angelica,https://www.proflowers.com/blog/wp-content/plugins/pf-flowertypes/image/angelica-400956.jpg,Entire Summer,4--9,Partial Shade / Full Shade,"Well-drained, High fertility",Deer resistant,0,1,0,0,0,0,0,0,0,0,1,0,0,0,0,0,0,0,0,0,0,0,0,0,0,0,0,0,0,0,0,0,0,0,0,0,0,0,0,0,0,0,0,0,0,0,0,0,0,0,0,0,0,0,0,0,0,0,0,0,0,0
5,Angelonia,https://www.proflowers.com/blog/wp-content/plugins/pf-flowertypes/image/2826831993-e747eb6b05-b.jpg, Mid Summer,9--11,Full Sun,Damp,Tolerates heat,0,1,0,0,0,0,0,0,0,0,1,0,0,0,0,0,0,0,0,0,0,0,0,0,0,0,0,0,0,0,0,0,0,0,0,0,0,0,0,0,0,0,0,0,0,0,0,0,0,0,0,0,0,0,0,0,0,0,0,0,0,0
6,Artemisia,https://www.proflowers.com/blog/wp-content/plugins/pf-flowertypes/image/artemisia-vulgaris-848743.jpg,Late Summer,6 --8,Full Sun,Well-drained,Non-invasive,0,1,0,0,0,0,0,0,0,0,1,0,0,0,0,0,0,0,0,0,0,0,0,0,0,0,0,0,0,0,0,0,0,0,0,0,0,0,0,0,0,0,0,0,0,0,0,0,0,0,0,0,0,0,0,0,0,0,0,0,0,0
7,Aster,https://www.proflowers.com/blog/wp-content/plugins/pf-flowertypes/image/aster-tongolensis-57764.jpg,Late Spring ,4--8,Full Sun / Partial Shade,Well-drained,Good for cut flowers,0,1,0,0,0,0,0,0,1,0,0,0,0,0,0,0,0,0,0,0,0,0,0,0,0,0,0,0,0,0,0,0,0,0,0,0,0,0,0,0,0,0,0,0,0,0,0,0,0,0,0,0,0,0,0,0,0,0,0,0,0,0
8,Astilbe,https://www.proflowers.com/blog/wp-content/plugins/pf-flowertypes/image/prachtspiere-167249.jpg,Late Spring ,4--9,Full Sun / Partial Shade,"Well-drained, High fertility",Good for cut flowers,0,1,0,0,0,0,0,0,1,0,0,0,0,0,0,0,0,0,0,0,0,0,0,0,0,0,0,0,0,0,0,0,0,0,0,0,0,0,0,0,0,0,0,0,0,0,0,0,0,0,0,0,0,0,0,0,0,0,0,0,0,0
9,Aubrieta,https://www.proflowers.com/blog/wp-content/plugins/pf-flowertypes/image/blue-pillow-52188.jpg,Mid Spring ,4 --9,Full Sun,"Well-drained, High fertility",Non-invasive,0,1,0,0,0,0,0,0,1,0,0,0,0,0,0,0,0,0,0,0,0,0,0,0,0,0,0,0,0,0,0,0,0,0,0,0,0,0,0,0,0,0,0,0,0,0,0,0,0,0,0,0,0,0,0,0,0,0,0,0,0,0
10,Azalea,https://www.proflowers.com/blog/wp-content/plugins/pf-flowertypes/image/flower-678629.jpg,Entire Spring,3 --6,Partial Shade,Well-drained,Good for cut flowers,0,1,0,0,0,0,0,0,1,0,0,0,0,0,0,0,0,0,0,0,0,0,0,0,0,0,0,0,0,0,0,0,0,0,0,0,0,0,0,0,0,0,0,0,0,0,0,0,0,0,0,0,0,0,0,0,0,0,0,0,0,0
11,Balloon Flower,https://www.proflowers.com/blog/wp-content/plugins/pf-flowertypes/image/balloon-flower-829670.jpg,Entire Summer,4 --9,Full Sun / Partial Shade,Well-drained,Deer resistant,0,1,0,0,0,0,0,0,0,0,1,0,0,0,0,0,0,0,0,0,0,0,0,0,0,0,0,0,0,0,0,0,0,0,0,0,0,0,0,0,0,0,0,0,0,0,0,0,0,0,0,0,0,0,0,0,0,0,0,0,0,0
12,Balsam,https://www.proflowers.com/blog/wp-content/plugins/pf-flowertypes/image/balsam-408530.jpg,Early Summer ,3 --7,Full Sun / Partial Shade,Well-drained,Tolerates heat,0,1,0,0,0,0,0,0,0,0,1,0,0,0,0,0,0,0,0,0,0,0,0,0,0,0,0,0,0,0,0,0,0,0,0,0,0,0,0,0,0,0,0,0,0,0,0,0,0,0,0,0,0,0,0,0,0,0,0,0,0,0
13,Baneberry,https://www.proflowers.com/blog/wp-content/plugins/pf-flowertypes/image/actaea-spicata-baneberry.jpg,Late Spring,3 --9,Partial Shade / Full Shade,Well-drained,Non-invasive,0,1,0,0,0,0,0,0,1,0,0,0,0,0,0,0,0,0,0,0,0,0,0,0,0,0,0,0,0,0,0,0,0,0,0,0,0,0,0,0,0,0,0,0,0,0,0,0,0,0,0,0,0,0,0,0,0,0,0,0,0,0
14,Basket of Gold,https://www.proflowers.com/blog/wp-content/plugins/pf-flowertypes/image/flowers-882835-640.jpg,Late Spring ,4 --8,Full Sun,Well-drained,Deer resistant,0,1,0,0,0,0,0,0,1,0,0,0,0,0,0,0,0,0,0,0,0,0,0,0,0,0,0,0,0,0,0,0,0,0,0,0,0,0,0,0,0,0,0,0,0,0,0,0,0,0,0,0,0,0,0,0,0,0,0,0,0,0
15,Bee Balm,https://www.proflowers.com/blog/wp-content/plugins/pf-flowertypes/image/bee-balm-1043110.jpg, Mid Summer,4 --9,Full Sun / Partial Shade,Damp,"Attracts bees, butterflies",0,1,0,0,0,0,0,0,0,0,1,0,0,0,0,0,0,0,0,0,0,0,0,0,0,0,0,0,0,0,0,0,0,0,0,0,0,0,0,0,0,0,0,0,0,0,0,0,0,0,0,0,0,0,0,0,0,0,0,0,0,0
16,Begonia,https://www.proflowers.com/blog/wp-content/plugins/pf-flowertypes/image/flower-788969.jpg,Late Spring ,8 --10,Full Sun / Partial Shade,Well-drained,Deer resistant,0,1,0,0,0,0,0,0,1,0,0,0,0,0,0,0,0,0,0,0,0,0,0,0,0,0,0,0,0,0,0,0,0,0,0,0,0,0,0,0,0,0,0,0,0,0,0,0,0,0,0,0,0,0,0,0,0,0,0,0,0,0
17,Bellflower,https://www.proflowers.com/blog/wp-content/plugins/pf-flowertypes/image/bellflower-296124.jpg,Early Summer,3 --8,Full Sun / Partial Shade,Well-drained,Good for cut flowers,0,1,0,0,0,0,0,0,0,0,1,0,0,0,0,0,0,0,0,0,0,0,0,0,0,0,0,0,0,0,0,0,0,0,0,0,0,0,0,0,0,0,0,0,0,0,0,0,0,0,0,0,0,0,0,0,0,0,0,0,0,0
18,Bergenia,https://www.proflowers.com/blog/wp-content/plugins/pf-flowertypes/image/bergenia-407884.jpg,Entire Spring,3 --8,Full Sun / Partial Shade,Damp,Deer resistant,0,1,0,0,0,0,0,0,1,0,0,0,0,0,0,0,0,0,0,0,0,0,0,0,0,0,0,0,0,0,0,0,0,0,0,0,0,0,0,0,0,0,0,0,0,0,0,0,0,0,0,0,0,0,0,0,0,0,0,0,0,0
19,Blackeyed Susan,https://www.proflowers.com/blog/wp-content/plugins/pf-flowertypes/image/black-eyed-susan-334122.jpg,Late Summer ,3 --9,Full Sun,Well-drained,Good for cut flowers,0,1,0,0,0,0,0,0,0,0,1,0,0,0,0,0,0,0,0,0,0,0,0,0,0,0,0,0,0,0,0,0,0,0,0,0,0,0,0,0,0,0,0,0,0,0,0,0,0,0,0,0,0,0,0,0,0,0,0,0,0,0
20,Bleeding Heart,https://www.proflowers.com/blog/wp-content/plugins/pf-flowertypes/image/plant-859459.jpg,Late Spring ,3 --9,Partial Shade,"Well-drained, Damp",Good for cut flowers,0,1,0,0,0,0,0,0,1,0,0,0,0,0,0,0,0,0,0,0,0,0,0,0,0,0,0,0,0,0,0,0,0,0,0,0,0,0,0,0,0,0,0,0,0,0,0,0,0,0,0,0,0,0,0,0,0,0,0,0,0,0
21,Bloodroot,https://www.proflowers.com/blog/wp-content/plugins/pf-flowertypes/image/flower-554511.jpg,Early Spring,3 --9,Partial Shade / Full Shade,Well-drained,Non-invasive,0,1,0,0,0,0,0,0,1,0,0,0,0,0,0,0,0,0,0,0,0,0,0,0,0,0,0,0,0,0,0,0,0,0,0,0,0,0,0,0,0,0,0,0,0,0,0,0,0,0,0,0,0,0,0,0,0,0,0,0,0,0
22,Boneset,https://www.proflowers.com/blog/wp-content/plugins/pf-flowertypes/image/eupatorium-perfoliatum-sca-04381.jpg,Late Summer ,4 --9,Full Sun / Partial Shade,Well-drained,"Attracts bees, butterflies",0,1,0,0,0,0,0,0,0,0,1,0,0,0,0,0,0,0,0,0,0,0,0,0,0,0,0,0,0,0,0,0,0,0,0,0,0,0,0,0,0,0,0,0,0,0,0,0,0,0,0,0,0,0,0,0,0,0,0,0,0,0
23,Browallia,https://www.proflowers.com/blog/wp-content/plugins/pf-flowertypes/image/img-7246-browallia-speciosa.jpg, Mid Summer,2 --11,Partial Shade / Full Shade,Well-drained,Attracts humingbirds,0,1,0,0,0,0,0,0,0,0,1,0,0,0,0,0,0,0,0,0,0,0,0,0,0,0,0,0,0,0,0,0,0,0,0,0,0,0,0,0,0,0,0,0,0,0,0,0,0,0,0,0,0,0,0,0,0,0,0,0,0,0
24,Bugleweed,https://www.proflowers.com/blog/wp-content/plugins/pf-flowertypes/image/ajuga-reptans-846545.jpg,Late Spring ,3 --9,Partial Shade / Full Shade,Well-drained,Tolerates heat,0,1,0,0,0,0,0,0,1,0,0,0,0,0,0,0,0,0,0,0,0,0,0,0,0,0,0,0,0,0,0,0,0,0,0,0,0,0,0,0,0,0,0,0,0,0,0,0,0,0,0,0,0,0,0,0,0,0,0,0,0,0
25,Bugloss,https://www.proflowers.com/blog/wp-content/plugins/pf-flowertypes/image/blue-87504.jpg,Entire Summer,3 --8,All Sun Types,Well-drained,Non-invasive,0,1,0,0,0,0,0,0,0,0,1,0,0,0,0,0,0,0,0,0,0,0,0,0,0,0,0,0,0,0,0,0,0,0,0,0,0,0,0,0,0,0,0,0,0,0,0,0,0,0,0,0,0,0,0,0,0,0,0,0,0,0
26,Buttercup,https://www.proflowers.com/blog/wp-content/plugins/pf-flowertypes/image/buttercup-841225.jpg,Late Spring ,3 --8,Full Sun / Partial Shade,Well-drained,Non-invasive,0,1,0,0,0,0,0,0,1,0,0,0,0,0,0,0,0,0,0,0,0,0,0,0,0,0,0,0,0,0,0,0,0,0,0,0,0,0,0,0,0,0,0,0,0,0,0,0,0,0,0,0,0,0,0,0,0,0,0,0,0,0
27,Butterfly Weed,https://www.proflowers.com/blog/wp-content/plugins/pf-flowertypes/image/butterfly-weed-50188.jpg, Mid Summer,4 --9,Full Sun,Well-drained,Good for cut flowers,0,1,0,0,0,0,0,0,0,0,1,0,0,0,0,0,0,0,0,0,0,0,0,0,0,0,0,0,0,0,0,0,0,0,0,0,0,0,0,0,0,0,0,0,0,0,0,0,0,0,0,0,0,0,0,0,0,0,0,0,0,0
28,Caladium,https://www.proflowers.com/blog/wp-content/plugins/pf-flowertypes/image/caladium-673899.jpg,Early Spring ,10 --11,Partial Shade / Full Shade,"Well-drained, Damp",Non-invasive,0,1,0,0,0,0,0,0,1,0,0,0,0,0,0,0,0,0,0,0,0,0,0,0,0,0,0,0,0,0,0,0,0,0,0,0,0,0,0,0,0,0,0,0,0,0,0,0,0,0,0,0,0,0,0,0,0,0,0,0,0,0
29,Calendula,https://www.proflowers.com/blog/wp-content/plugins/pf-flowertypes/image/marigold-437818.jpg,Late Spring ,9 --11,Full Sun / Partial Shade,Well-drained,Good for cut flowers,0,1,0,0,0,0,0,0,1,0,0,0,0,0,0,0,0,0,0,0,0,0,0,0,0,0,0,0,0,0,0,0,0,0,0,0,0,0,0,0,0,0,0,0,0,0,0,0,0,0,0,0,0,0,0,0,0,0,0,0,0,0
30,California Poppy,https://www.proflowers.com/blog/wp-content/plugins/pf-flowertypes/image/eschscholzia-californica-167272.jpg,Early Summer ,5 --10,Full Sun,Well-drained,Good for cut flowers,0,1,0,0,0,0,0,0,0,0,1,0,0,0,0,0,0,0,0,0,0,0,0,0,0,0,0,0,0,0,0,0,0,0,0,0,0,0,0,0,0,0,0,0,0,0,0,0,0,0,0,0,0,0,0,0,0,0,0,0,0,0
31,Canterbury Bells,https://www.proflowers.com/blog/wp-content/plugins/pf-flowertypes/image/campanula-361364.jpg,Late Spring ,5 --8,Full Sun / Partial Shade,Well-drained,Good for cut flowers,0,1,0,0,0,0,0,0,1,0,0,0,0,0,0,0,0,0,0,0,0,0,0,0,0,0,0,0,0,0,0,0,0,0,0,0,0,0,0,0,0,0,0,0,0,0,0,0,0,0,0,0,0,0,0,0,0,0,0,0,0,0
32,Cardinal Flower,https://www.proflowers.com/blog/wp-content/plugins/pf-flowertypes/image/cardinal-flower-86592.jpg, Mid Summer,2 --9,Partial Shade,Damp,Attracts butterflies,0,1,0,0,0,0,0,0,0,0,1,0,0,0,0,0,0,0,0,0,0,0,0,0,0,0,0,0,0,0,0,0,0,0,0,0,0,0,0,0,0,0,0,0,0,0,0,0,0,0,0,0,0,0,0,0,0,0,0,0,0,0
33,Carnation,https://www.proflowers.com/blog/wp-content/plugins/pf-flowertypes/image/carnation-833383.jpg,Early Spring ,3 --8,Full Sun,Well-drained,Good for cut flowers,0,1,0,0,0,0,0,0,1,0,0,0,0,0,0,0,0,0,0,0,0,0,0,0,0,0,0,0,0,0,0,0,0,0,0,0,0,0,0,0,0,0,0,0,0,0,0,0,0,0,0,0,0,0,0,0,0,0,0,0,0,0
34,Castor Bean,https://www.proflowers.com/blog/wp-content/plugins/pf-flowertypes/image/red-castor-bean-leaf-941839.jpg, Mid Summer,8 --10,Full Sun,Well-drained,Deer resistant,0,1,0,0,0,0,0,0,0,0,1,0,0,0,0,0,0,0,0,0,0,0,0,0,0,0,0,0,0,0,0,0,0,0,0,0,0,0,0,0,0,0,0,0,0,0,0,0,0,0,0,0,0,0,0,0,0,0,0,0,0,0
35,Catmint,https://www.proflowers.com/blog/wp-content/plugins/pf-flowertypes/image/8929943172-e96c6bcd6f.jpg,Early Summer,3 --8,Full Sun / Partial Shade,Dry,Attracts beneficial insects,0,1,0,0,0,0,0,0,0,0,1,0,0,0,0,0,0,0,0,0,0,0,0,0,0,0,0,0,0,0,0,0,0,0,0,0,0,0,0,0,0,0,0,0,0,0,0,0,0,0,0,0,0,0,0,0,0,0,0,0,0,0
36,Celosia,https://www.proflowers.com/blog/wp-content/plugins/pf-flowertypes/image/celosia-731437.jpg, Mid Summer,2 --11,Full Sun / Partial Shade,"Well-drained, High fertility",Good for cut flowers,0,1,0,0,0,0,0,0,0,0,1,0,0,0,0,0,0,0,0,0,0,0,0,0,0,0,0,0,0,0,0,0,0,0,0,0,0,0,0,0,0,0,0,0,0,0,0,0,0,0,0,0,0,0,0,0,0,0,0,0,0,0
37,Chives,https://www.proflowers.com/blog/wp-content/plugins/pf-flowertypes/image/chives-810932.jpg,Late Spring,3 --9,Full Sun / Partial Shade,Well-drained,Good for cut flowers,0,1,0,0,0,0,0,0,1,0,0,0,0,0,0,0,0,0,0,0,0,0,0,0,0,0,0,0,0,0,0,0,0,0,0,0,0,0,0,0,0,0,0,0,0,0,0,0,0,0,0,0,0,0,0,0,0,0,0,0,0,0
38,Chrysanthemum,https://www.proflowers.com/blog/wp-content/plugins/pf-flowertypes/image/chrysanthemum-1051770.jpg, Mid Summer,3 --9,Full Sun / Partial Shade,Well-drained,Good for cut flowers,0,1,0,0,0,0,0,0,0,0,1,0,0,0,0,0,0,0,0,0,0,0,0,0,0,0,0,0,0,0,0,0,0,0,0,0,0,0,0,0,0,0,0,0,0,0,0,0,0,0,0,0,0,0,0,0,0,0,0,0,0,0
39,Clary Sage,https://www.proflowers.com/blog/wp-content/plugins/pf-flowertypes/image/salvia-pratensis-839488.jpg,Late Spring ,5 --11,Full Sun / Partial Shade,Well-drained,Good for cut flowers,0,1,0,0,0,0,0,0,1,0,0,0,0,0,0,0,0,0,0,0,0,0,0,0,0,0,0,0,0,0,0,0,0,0,0,0,0,0,0,0,0,0,0,0,0,0,0,0,0,0,0,0,0,0,0,0,0,0,0,0,0,0
40,Cleome,https://www.proflowers.com/blog/wp-content/plugins/pf-flowertypes/image/spider-flower-55027.jpg,Mid Summer,4 --11,Full Sun / Partial Shade,Well-drained,Good for cut flowers,0,1,0,0,0,0,0,0,0,0,1,0,0,0,0,0,0,0,0,0,0,0,0,0,0,0,0,0,0,0,0,0,0,0,0,0,0,0,0,0,0,0,0,0,0,0,0,0,0,0,0,0,0,0,0,0,0,0,0,0,0,0
41,Coleus,https://www.proflowers.com/blog/wp-content/plugins/pf-flowertypes/image/nature-686480.jpg,Mid Summer,2 --11,Partial Shade,Well-drained,Non-invasive,0,1,0,0,0,0,0,0,0,0,1,0,0,0,0,0,0,0,0,0,0,0,0,0,0,0,0,0,0,0,0,0,0,0,0,0,0,0,0,0,0,0,0,0,0,0,0,0,0,0,0,0,0,0,0,0,0,0,0,0,0,0
42,Columbine,https://www.proflowers.com/blog/wp-content/plugins/pf-flowertypes/image/columbine-831740.jpg,Mid Spring ,3 --8,Full Sun / Partial Shade,Well-drained,Good for cut flowers,0,1,0,0,0,0,0,0,1,0,0,0,0,0,0,0,0,0,0,0,0,0,0,0,0,0,0,0,0,0,0,0,0,0,0,0,0,0,0,0,0,0,0,0,0,0,0,0,0,0,0,0,0,0,0,0,0,0,0,0,0,0
43,Comfrey,https://www.proflowers.com/blog/wp-content/plugins/pf-flowertypes/image/rough-comfrey-115169.jpg,Late Spring ,3 --9,Full Sun / Partial Shade,Damp,Non-invasive,0,1,0,0,0,0,0,0,1,0,0,0,0,0,0,0,0,0,0,0,0,0,0,0,0,0,0,0,0,0,0,0,0,0,0,0,0,0,0,0,0,0,0,0,0,0,0,0,0,0,0,0,0,0,0,0,0,0,0,0,0,0
44,Coneflower,https://www.proflowers.com/blog/wp-content/plugins/pf-flowertypes/image/coneflowers-481005.jpg,Mid Summer,3 --9,Full Sun,Well-drained,Good for cut flowers,0,1,0,0,0,0,0,0,0,0,1,0,0,0,0,0,0,0,0,0,0,0,0,0,0,0,0,0,0,0,0,0,0,0,0,0,0,0,0,0,0,0,0,0,0,0,0,0,0,0,0,0,0,0,0,0,0,0,0,0,0,0
45,Coreopsis,https://www.proflowers.com/blog/wp-content/plugins/pf-flowertypes/image/coreopsis-70754.jpg,Late Summer ,3 --9,Full Sun / Partial Shade,Well-drained,Good for cut flowers,0,1,0,0,0,0,0,0,0,0,1,0,0,0,0,0,0,0,0,0,0,0,0,0,0,0,0,0,0,0,0,0,0,0,0,0,0,0,0,0,0,0,0,0,0,0,0,0,0,0,0,0,0,0,0,0,0,0,0,0,0,0
46,Corydalis,https://www.proflowers.com/blog/wp-content/plugins/pf-flowertypes/image/corydalis-ambigua.jpg,Early Summer ,5 --7,Partial Shade / Full Shade,Well-drained,Deer resistant,0,1,0,0,0,0,0,0,0,0,1,0,0,0,0,0,0,0,0,0,0,0,0,0,0,0,0,0,0,0,0,0,0,0,0,0,0,0,0,0,0,0,0,0,0,0,0,0,0,0,0,0,0,0,0,0,0,0,0,0,0,0
47,Cosmos,https://www.proflowers.com/blog/wp-content/plugins/pf-flowertypes/image/cosmos-flower-433424.jpg, Mid Summer,2 --11,Full Sun / Partial Shade,Well-drained,Good for cut flowers,0,1,0,0,0,0,0,0,0,0,1,0,0,0,0,0,0,0,0,0,0,0,0,0,0,0,0,0,0,0,0,0,0,0,0,0,0,0,0,0,0,0,0,0,0,0,0,0,0,0,0,0,0,0,0,0,0,0,0,0,0,0
48,Crocus,https://www.proflowers.com/blog/wp-content/plugins/pf-flowertypes/image/spring-678225.jpg,Early Spring,3 --8,Full Sun / Partial Shade,Well-drained,Non-invasive,0,1,0,0,0,0,0,0,1,0,0,0,0,0,0,0,0,0,0,0,0,0,0,0,0,0,0,0,0,0,0,0,0,0,0,0,0,0,0,0,0,0,0,0,0,0,0,0,0,0,0,0,0,0,0,0,0,0,0,0,0,0
49,Crown Imperial,https://www.proflowers.com/blog/wp-content/plugins/pf-flowertypes/image/imperial-crown-52127.jpg,Mid Spring,5 --9,Full Sun,Well-drained,Deer resistant,0,1,0,0,0,0,0,0,1,0,0,0,0,0,0,0,0,0,0,0,0,0,0,0,0,0,0,0,0,0,0,0,0,0,0,0,0,0,0,0,0,0,0,0,0,0,0,0,0,0,0,0,0,0,0,0,0,0,0,0,0,0
50,Cushion Spurge,https://www.proflowers.com/blog/wp-content/plugins/pf-flowertypes/image/euphorbia-epithymoides-002.jpg,Mid Spring ,4 --8 ,Full Sun,Well-drained,Non-invasive,0,1,0,0,0,0,0,0,1,0,0,0,0,0,0,0,0,0,0,0,0,0,0,0,0,0,0,0,0,0,0,0,0,0,0,0,0,0,0,0,0,0,0,0,0,0,0,0,0,0,0,0,0,0,0,0,0,0,0,0,0,0
51,Cyclamen,https://www.proflowers.com/blog/wp-content/plugins/pf-flowertypes/image/cyclamen-194431.jpg,Early Spring,5 --9,Partial Shade,Well-drained,Non-invasive,0,1,0,0,0,0,0,0,1,0,0,0,0,0,0,0,0,0,0,0,0,0,0,0,0,0,0,0,0,0,0,0,0,0,0,0,0,0,0,0,0,0,0,0,0,0,0,0,0,0,0,0,0,0,0,0,0,0,0,0,0,0
52,Daffodil,https://www.proflowers.com/blog/wp-content/plugins/pf-flowertypes/image/flower-661585.jpg,Entire Spring,3 --9,Full Sun,Well-drained,Good for cut flowers,0,1,0,0,0,0,0,0,1,0,0,0,0,0,0,0,0,0,0,0,0,0,0,0,0,0,0,0,0,0,0,0,0,0,0,0,0,0,0,0,0,0,0,0,0,0,0,0,0,0,0,0,0,0,0,0,0,0,0,0,0,0
53,Dahlia,https://www.proflowers.com/blog/wp-content/plugins/pf-flowertypes/image/flower-197343.jpg, Mid Summer,8 --10,Full Sun,Well-drained,Good for cut flowers,0,1,0,0,0,0,0,0,0,0,1,0,0,0,0,0,0,0,0,0,0,0,0,0,0,0,0,0,0,0,0,0,0,0,0,0,0,0,0,0,0,0,0,0,0,0,0,0,0,0,0,0,0,0,0,0,0,0,0,0,0,0
54,Daisy,https://www.proflowers.com/blog/wp-content/plugins/pf-flowertypes/image/daisies-276112.jpg, Mid Summer,2 --11,Full Sun,Well-drained,Good for cut flowers,0,1,0,0,0,0,0,0,0,0,1,0,0,0,0,0,0,0,0,0,0,0,0,0,0,0,0,0,0,0,0,0,0,0,0,0,0,0,0,0,0,0,0,0,0,0,0,0,0,0,0,0,0,0,0,0,0,0,0,0,0,0
55,Dame’s Rocket,https://www.proflowers.com/blog/wp-content/plugins/pf-flowertypes/image/dames-rocket2.jpg,Late Spring ,4 --9,Full Sun / Partial Shade,Well-drained,Good for cut flowers,0,1,0,0,0,0,0,0,1,0,0,0,0,0,0,0,0,0,0,0,0,0,0,0,0,0,0,0,0,0,0,0,0,0,0,0,0,0,0,0,0,0,0,0,0,0,0,0,0,0,0,0,0,0,0,0,0,0,0,0,0,0
56,Delphinium,https://www.proflowers.com/blog/wp-content/plugins/pf-flowertypes/image/delphinium-456347.jpg,Early Summer ,3 --7,Full Sun,Well-drained,Good for cut flowers,0,1,0,0,0,0,0,0,0,0,1,0,0,0,0,0,0,0,0,0,0,0,0,0,0,0,0,0,0,0,0,0,0,0,0,0,0,0,0,0,0,0,0,0,0,0,0,0,0,0,0,0,0,0,0,0,0,0,0,0,0,0
57,Diascia,https://www.proflowers.com/blog/wp-content/plugins/pf-flowertypes/image/nature-679346.jpg,Early Summer ,8 --9,Full Sun,Well-drained,Non-invasive,0,1,0,0,0,0,0,0,0,0,1,0,0,0,0,0,0,0,0,0,0,0,0,0,0,0,0,0,0,0,0,0,0,0,0,0,0,0,0,0,0,0,0,0,0,0,0,0,0,0,0,0,0,0,0,0,0,0,0,0,0,0
58,Dusty Miller,https://www.proflowers.com/blog/wp-content/plugins/pf-flowertypes/image/plant-93460.jpg,Late Summer ,8 --10,Full Sun / Partial Shade,Well-drained,Good for pressed flowers,0,1,0,0,0,0,0,0,0,0,1,0,0,0,0,0,0,0,0,0,0,0,0,0,0,0,0,0,0,0,0,0,0,0,0,0,0,0,0,0,0,0,0,0,0,0,0,0,0,0,0,0,0,0,0,0,0,0,0,0,0,0
59,Dutchman's Breeches,https://www.proflowers.com/blog/wp-content/plugins/pf-flowertypes/image/dicentra-cucullaria.jpg,Mid Spring,3 --8,Partial Shade,Well-drained,Non-invasive,0,1,0,0,0,0,0,0,1,0,0,0,0,0,0,0,0,0,0,0,0,0,0,0,0,0,0,0,0,0,0,0,0,0,0,0,0,0,0,0,0,0,0,0,0,0,0,0,0,0,0,0,0,0,0,0,0,0,0,0,0,0
60,Epimedium,https://www.proflowers.com/blog/wp-content/plugins/pf-flowertypes/image/elfenblume-epimedium-x-versicolor.jpg,Mid Spring ,4 --8,Partial Shade / Full Shade,Well-drained,Deer resistant,0,1,0,0,0,0,0,0,1,0,0,0,0,0,0,0,0,0,0,0,0,0,0,0,0,0,0,0,0,0,0,0,0,0,0,0,0,0,0,0,0,0,0,0,0,0,0,0,0,0,0,0,0,0,0,0,0,0,0,0,0,0
61,Evergreen Candytuft ,https://www.proflowers.com/blog/wp-content/plugins/pf-flowertypes/image/evergreen-candytuft-324393.jpg,Mid Spring,5 --9,Full Sun,Well-drained,Tolerates heat,0,1,0,0,0,0,0,0,1,0,0,0,0,0,0,0,0,0,0,0,0,0,0,0,0,0,0,0,0,0,0,0,0,0,0,0,0,0,0,0,0,0,0,0,0,0,0,0,0,0,0,0,0,0,0,0,0,0,0,0,0,0
62,Fennel,https://www.proflowers.com/blog/wp-content/plugins/pf-flowertypes/image/fennel-223059.jpg,Mid Summer,4 --9,Full Sun,Well-drained,Attracts beneficial insects,0,1,0,0,0,0,0,0,0,0,1,0,0,0,0,0,0,0,0,0,0,0,0,0,0,0,0,0,0,0,0,0,0,0,0,0,0,0,0,0,0,0,0,0,0,0,0,0,0,0,0,0,0,0,0,0,0,0,0,0,0,0
63,Fountain Grass,https://www.proflowers.com/blog/wp-content/plugins/pf-flowertypes/image/purple-fountain-grass-7797.jpg,Late Spring ,6 --11,Full Sun / Partial Shade,Well-drained,Deer resistant,0,1,0,0,0,0,0,0,1,0,0,0,0,0,0,0,0,0,0,0,0,0,0,0,0,0,0,0,0,0,0,0,0,0,0,0,0,0,0,0,0,0,0,0,0,0,0,0,0,0,0,0,0,0,0,0,0,0,0,0,0,0
64,Foxglove,https://www.proflowers.com/blog/wp-content/plugins/pf-flowertypes/image/thimble-397911.jpg,Late Spring ,4 --8,All Sun Types,Well-drained,Good for cut flowers,0,1,0,0,0,0,0,0,1,0,0,0,0,0,0,0,0,0,0,0,0,0,0,0,0,0,0,0,0,0,0,0,0,0,0,0,0,0,0,0,0,0,0,0,0,0,0,0,0,0,0,0,0,0,0,0,0,0,0,0,0,0
65,Gaillardia,https://www.proflowers.com/blog/wp-content/plugins/pf-flowertypes/image/gaillardia-370546.jpg,Early Summer ,5 --9,Full Sun,Well-drained,Good for cut flowers,0,1,0,0,0,0,0,0,0,0,1,0,0,0,0,0,0,0,0,0,0,0,0,0,0,0,0,0,0,0,0,0,0,0,0,0,0,0,0,0,0,0,0,0,0,0,0,0,0,0,0,0,0,0,0,0,0,0,0,0,0,0
66,Gas Plant,https://www.proflowers.com/blog/wp-content/plugins/pf-flowertypes/image/dictamnus-169656.jpg,Late Spring ,3 --8,Full Sun,Well-drained,Deer resistant,0,1,0,0,0,0,0,0,1,0,0,0,0,0,0,0,0,0,0,0,0,0,0,0,0,0,0,0,0,0,0,0,0,0,0,0,0,0,0,0,0,0,0,0,0,0,0,0,0,0,0,0,0,0,0,0,0,0,0,0,0,0
67,Gaura,https://www.proflowers.com/blog/wp-content/plugins/pf-flowertypes/image/gaura-lindheimeri-cherry-brandy-2.jpg,Mid Summer,5 --10,Full Sun,Well-drained,Good for cut flowers,0,1,0,0,0,0,0,0,0,0,1,0,0,0,0,0,0,0,0,0,0,0,0,0,0,0,0,0,0,0,0,0,0,0,0,0,0,0,0,0,0,0,0,0,0,0,0,0,0,0,0,0,0,0,0,0,0,0,0,0,0,0
68,Gazania,https://www.proflowers.com/blog/wp-content/plugins/pf-flowertypes/image/gazanie-499110.jpg,Early Summer ,8 --10,Full Sun,Well-drained,Attracts butterflies,0,1,0,0,0,0,0,0,0,0,1,0,0,0,0,0,0,0,0,0,0,0,0,0,0,0,0,0,0,0,0,0,0,0,0,0,0,0,0,0,0,0,0,0,0,0,0,0,0,0,0,0,0,0,0,0,0,0,0,0,0,0
69,Geranium,https://www.proflowers.com/blog/wp-content/plugins/pf-flowertypes/image/cranesbill-141576.jpg,Early Summer ,4 --8,All Sun Types,Well-drained,Deer resistant,0,1,0,0,0,0,0,0,0,0,1,0,0,0,0,0,0,0,0,0,0,0,0,0,0,0,0,0,0,0,0,0,0,0,0,0,0,0,0,0,0,0,0,0,0,0,0,0,0,0,0,0,0,0,0,0,0,0,0,0,0,0
70,Geum,https://www.proflowers.com/blog/wp-content/plugins/pf-flowertypes/image/flower-743753.jpg,Late Spring ,5 --8,All Sun Types,Well-drained,Non-invasive,0,1,0,0,0,0,0,0,1,0,0,0,0,0,0,0,0,0,0,0,0,0,0,0,0,0,0,0,0,0,0,0,0,0,0,0,0,0,0,0,0,0,0,0,0,0,0,0,0,0,0,0,0,0,0,0,0,0,0,0,0,0
71,Globe Thistle,https://www.proflowers.com/blog/wp-content/plugins/pf-flowertypes/image/globe-thistle-53355.jpg, Mid Summer,4--9,Full Sun,Well-drained,Attracts butterflies,0,1,0,0,0,0,0,0,0,0,1,0,0,0,0,0,0,0,0,0,0,0,0,0,0,0,0,0,0,0,0,0,0,0,0,0,0,0,0,0,0,0,0,0,0,0,0,0,0,0,0,0,0,0,0,0,0,0,0,0,0,0
72,Glory of the Snow,https://www.proflowers.com/blog/wp-content/plugins/pf-flowertypes/image/star-hyacinth-682369.jpg,Early Spring,4 --9,All Sun Types,Well-drained,Non-invasive,0,1,0,0,0,0,0,0,1,0,0,0,0,0,0,0,0,0,0,0,0,0,0,0,0,0,0,0,0,0,0,0,0,0,0,0,0,0,0,0,0,0,0,0,0,0,0,0,0,0,0,0,0,0,0,0,0,0,0,0,0,0
73,Goatsbeard,https://www.proflowers.com/blog/wp-content/plugins/pf-flowertypes/image/forests-geibart-167247.jpg,Entire Summer,3 --9,Partial Shade / Full Shade,Well-drained,Non-invasive,0,1,0,0,0,0,0,0,0,0,1,0,0,0,0,0,0,0,0,0,0,0,0,0,0,0,0,0,0,0,0,0,0,0,0,0,0,0,0,0,0,0,0,0,0,0,0,0,0,0,0,0,0,0,0,0,0,0,0,0,0,0
74,Golden Marguerite,https://www.proflowers.com/blog/wp-content/plugins/pf-flowertypes/image/golden-yellow-flowers-957729.jpg,Entire Summer,3 --7,Full Sun,Well-drained,Good for cut flowers,0,1,0,0,0,0,0,0,0,0,1,0,0,0,0,0,0,0,0,0,0,0,0,0,0,0,0,0,0,0,0,0,0,0,0,0,0,0,0,0,0,0,0,0,0,0,0,0,0,0,0,0,0,0,0,0,0,0,0,0,0,0
75,Gomphrena,https://www.proflowers.com/blog/wp-content/plugins/pf-flowertypes/image/globe-amaranth-969222.jpg, Mid Summer,7 --10,Full Sun,Well-drained,Good for cut flowers,0,1,0,0,0,0,0,0,0,0,1,0,0,0,0,0,0,0,0,0,0,0,0,0,0,0,0,0,0,0,0,0,0,0,0,0,0,0,0,0,0,0,0,0,0,0,0,0,0,0,0,0,0,0,0,0,0,0,0,0,0,0
76,Heliotrope,https://www.proflowers.com/blog/wp-content/plugins/pf-flowertypes/image/valerian-413021.jpg, Mid Summer,10 --11,All Sun Types,Well-drained,Attracts butterflies,0,1,0,0,0,0,0,0,0,0,1,0,0,0,0,0,0,0,0,0,0,0,0,0,0,0,0,0,0,0,0,0,0,0,0,0,0,0,0,0,0,0,0,0,0,0,0,0,0,0,0,0,0,0,0,0,0,0,0,0,0,0
77,Hepatica,https://www.proflowers.com/blog/wp-content/plugins/pf-flowertypes/image/hepatica-748456.jpg,Early Spring ,5 --8,Partial Shade / Full Shade,Well-drained,Non-invasive,0,1,0,0,0,0,0,0,1,0,0,0,0,0,0,0,0,0,0,0,0,0,0,0,0,0,0,0,0,0,0,0,0,0,0,0,0,0,0,0,0,0,0,0,0,0,0,0,0,0,0,0,0,0,0,0,0,0,0,0,0,0
78,Hollyhock,https://www.proflowers.com/blog/wp-content/plugins/pf-flowertypes/image/stock-rose-380072.jpg,Mid Summer,3 --9,All Sun Types,Well-drained,Non-invasive,0,1,0,0,0,0,0,0,0,0,1,0,0,0,0,0,0,0,0,0,0,0,0,0,0,0,0,0,0,0,0,0,0,0,0,0,0,0,0,0,0,0,0,0,0,0,0,0,0,0,0,0,0,0,0,0,0,0,0,0,0,0
79,Hosta,https://www.proflowers.com/blog/wp-content/plugins/pf-flowertypes/image/hosta-837182.jpg,Entire Summer,3 --9,Partial Shade / Full Shade,Well-drained,Non-invasive,0,1,0,0,0,0,0,0,0,0,1,0,0,0,0,0,0,0,0,0,0,0,0,0,0,0,0,0,0,0,0,0,0,0,0,0,0,0,0,0,0,0,0,0,0,0,0,0,0,0,0,0,0,0,0,0,0,0,0,0,0,0
80,Hyacinth,https://www.proflowers.com/blog/wp-content/plugins/pf-flowertypes/image/hyacinth-21687.jpg,Mid Summer,4 --9,Full Sun,Well-drained,Non-invasive,0,1,0,0,0,0,0,0,0,0,1,0,0,0,0,0,0,0,0,0,0,0,0,0,0,0,0,0,0,0,0,0,0,0,0,0,0,0,0,0,0,0,0,0,0,0,0,0,0,0,0,0,0,0,0,0,0,0,0,0,0,0
81,Hyssop,https://www.proflowers.com/blog/wp-content/plugins/pf-flowertypes/image/hyssopus-officinalis-002.jpg, Mid Summer,3 --10,Full Sun,Well-drained,Good for cut flowers,0,1,0,0,0,0,0,0,0,0,1,0,0,0,0,0,0,0,0,0,0,0,0,0,0,0,0,0,0,0,0,0,0,0,0,0,0,0,0,0,0,0,0,0,0,0,0,0,0,0,0,0,0,0,0,0,0,0,0,0,0,0
82,Impatiens,https://www.proflowers.com/blog/wp-content/plugins/pf-flowertypes/image/impatiens-666480.jpg,Early Summer ,8 --10,Partial Shade / Full Shade,Well-drained,Non-invasive,0,1,0,0,0,0,0,0,0,0,1,0,0,0,0,0,0,0,0,0,0,0,0,0,0,0,0,0,0,0,0,0,0,0,0,0,0,0,0,0,0,0,0,0,0,0,0,0,0,0,0,0,0,0,0,0,0,0,0,0,0,0
83,Iris,https://www.proflowers.com/blog/wp-content/plugins/pf-flowertypes/image/iris-639410.jpg,Early Spring ,3 --9,All Sun Types,Well-drained,Good for cut flowers,0,1,0,0,0,0,0,0,1,0,0,0,0,0,0,0,0,0,0,0,0,0,0,0,0,0,0,0,0,0,0,0,0,0,0,0,0,0,0,0,0,0,0,0,0,0,0,0,0,0,0,0,0,0,0,0,0,0,0,0,0,0
84,Jack-in-the-Pulpit,https://www.proflowers.com/blog/wp-content/plugins/pf-flowertypes/image/jack-in-the-pulpit-907415.jpg,Mid Spring ,4 --9,All Sun Types,Well-drained,Non-invasive,0,1,0,0,0,0,0,0,1,0,0,0,0,0,0,0,0,0,0,0,0,0,0,0,0,0,0,0,0,0,0,0,0,0,0,0,0,0,0,0,0,0,0,0,0,0,0,0,0,0,0,0,0,0,0,0,0,0,0,0,0,0
85,Jacob’s Ladder,https://www.proflowers.com/blog/wp-content/plugins/pf-flowertypes/image/vogelaeuglein-167240.jpg,Late Spring ,3 --9,All Sun Types,Well-drained,Non-invasive,0,1,0,0,0,0,0,0,1,0,0,0,0,0,0,0,0,0,0,0,0,0,0,0,0,0,0,0,0,0,0,0,0,0,0,0,0,0,0,0,0,0,0,0,0,0,0,0,0,0,0,0,0,0,0,0,0,0,0,0,0,0
86,Lady's Mantle,https://www.proflowers.com/blog/wp-content/plugins/pf-flowertypes/image/ladys-mantle-alchemilla-vulgaris-2816px.jpg,Entire Summer,3 --7,All Sun Types,Well-drained,Good for cut flowers,0,1,0,0,0,0,0,0,0,0,1,0,0,0,0,0,0,0,0,0,0,0,0,0,0,0,0,0,0,0,0,0,0,0,0,0,0,0,0,0,0,0,0,0,0,0,0,0,0,0,0,0,0,0,0,0,0,0,0,0,0,0
87,Lantana,https://www.proflowers.com/blog/wp-content/plugins/pf-flowertypes/image/lantana-699796.jpg,Mid Summer,2 --11,Full Sun,Well-drained,Tolerates frost,0,1,0,0,0,0,0,0,0,0,1,0,0,0,0,0,0,0,0,0,0,0,0,0,0,0,0,0,0,0,0,0,0,0,0,0,0,0,0,0,0,0,0,0,0,0,0,0,0,0,0,0,0,0,0,0,0,0,0,0,0,0
88,Lavender,https://www.proflowers.com/blog/wp-content/plugins/pf-flowertypes/image/lavender-810522.jpg,Entire Summer,5 --9,Full Sun,Well-drained,Good for cut flowers,0,1,0,0,0,0,0,0,0,0,1,0,0,0,0,0,0,0,0,0,0,0,0,0,0,0,0,0,0,0,0,0,0,0,0,0,0,0,0,0,0,0,0,0,0,0,0,0,0,0,0,0,0,0,0,0,0,0,0,0,0,0
89,Lavender Cotton,https://www.proflowers.com/blog/wp-content/plugins/pf-flowertypes/image/lavender-cotton-341934.jpg, Mid Summer,6 --8,Full Sun,Well-drained,Non-invasive,0,1,0,0,0,0,0,0,0,0,1,0,0,0,0,0,0,0,0,0,0,0,0,0,0,0,0,0,0,0,0,0,0,0,0,0,0,0,0,0,0,0,0,0,0,0,0,0,0,0,0,0,0,0,0,0,0,0,0,0,0,0
90,Leadwort,https://www.proflowers.com/blog/wp-content/plugins/pf-flowertypes/image/flowers-195967.jpg,Late Summer ,5 --8,Full Sun / Partial Shade,Well-drained,Non-invasive,0,1,0,0,0,0,0,0,0,0,1,0,0,0,0,0,0,0,0,0,0,0,0,0,0,0,0,0,0,0,0,0,0,0,0,0,0,0,0,0,0,0,0,0,0,0,0,0,0,0,0,0,0,0,0,0,0,0,0,0,0,0
91,Lemon Balm,https://www.proflowers.com/blog/wp-content/plugins/pf-flowertypes/image/lemon-balm-787626.jpg,Early Summer,3 --7,Full Sun / Partial Shade,Well-drained,Attracts bees,0,1,0,0,0,0,0,0,0,0,1,0,0,0,0,0,0,0,0,0,0,0,0,0,0,0,0,0,0,0,0,0,0,0,0,0,0,0,0,0,0,0,0,0,0,0,0,0,0,0,0,0,0,0,0,0,0,0,0,0,0,0
92,Lily,https://www.proflowers.com/blog/wp-content/plugins/pf-flowertypes/image/lily.jpg,Entire Spring ,4 --8,Full Sun,Well-drained,Good for cut flowers,0,1,0,0,0,0,0,0,1,0,0,0,0,0,0,0,0,0,0,0,0,0,0,0,0,0,0,0,0,0,0,0,0,0,0,0,0,0,0,0,0,0,0,0,0,0,0,0,0,0,0,0,0,0,0,0,0,0,0,0,0,0
93,Lobelia,https://www.proflowers.com/blog/wp-content/plugins/pf-flowertypes/image/lobelia-777674.jpg,Early Summer,2 --10,Full Sun / Partial Shade,Well-drained,Attracts butterflies,0,1,0,0,0,0,0,0,0,0,1,0,0,0,0,0,0,0,0,0,0,0,0,0,0,0,0,0,0,0,0,0,0,0,0,0,0,0,0,0,0,0,0,0,0,0,0,0,0,0,0,0,0,0,0,0,0,0,0,0,0,0
94,Lupine,https://www.proflowers.com/blog/wp-content/plugins/pf-flowertypes/image/beautiful-2223.jpg,Entire Summer,3 --9,Full Sun / Partial Shade,Well-drained,Good for cut flowers,0,1,0,0,0,0,0,0,0,0,1,0,0,0,0,0,0,0,0,0,0,0,0,0,0,0,0,0,0,0,0,0,0,0,0,0,0,0,0,0,0,0,0,0,0,0,0,0,0,0,0,0,0,0,0,0,0,0,0,0,0,0
95,Maiden Pink,https://www.proflowers.com/blog/wp-content/plugins/pf-flowertypes/image/maiden-pink-546015.jpg,Late Spring ,3 --9,Full Sun / Partial Shade,Well-drained,Non-invasive,0,1,0,0,0,0,0,0,1,0,0,0,0,0,0,0,0,0,0,0,0,0,0,0,0,0,0,0,0,0,0,0,0,0,0,0,0,0,0,0,0,0,0,0,0,0,0,0,0,0,0,0,0,0,0,0,0,0,0,0,0,0
96,Malva,https://www.proflowers.com/blog/wp-content/plugins/pf-flowertypes/image/flower-774761.jpg,Entire Summer,4 --9,Full Sun,Well-drained,Good for cut flowers,0,1,0,0,0,0,0,0,0,0,1,0,0,0,0,0,0,0,0,0,0,0,0,0,0,0,0,0,0,0,0,0,0,0,0,0,0,0,0,0,0,0,0,0,0,0,0,0,0,0,0,0,0,0,0,0,0,0,0,0,0,0
97,Marigold,https://www.proflowers.com/blog/wp-content/plugins/pf-flowertypes/image/flower-669579.jpg,Early Summer,2 --10,Full Sun,Well-drained,Good for cut flowers,0,1,0,0,0,0,0,0,0,0,1,0,0,0,0,0,0,0,0,0,0,0,0,0,0,0,0,0,0,0,0,0,0,0,0,0,0,0,0,0,0,0,0,0,0,0,0,0,0,0,0,0,0,0,0,0,0,0,0,0,0,0
98,Mazus,https://www.proflowers.com/blog/wp-content/plugins/pf-flowertypes/image/mazus-pumilus-flower.jpg,Late Spring ,3 --9,Full Sun / Partial Shade,Well-drained,Non-invasive,0,1,0,0,0,0,0,0,1,0,0,0,0,0,0,0,0,0,0,0,0,0,0,0,0,0,0,0,0,0,0,0,0,0,0,0,0,0,0,0,0,0,0,0,0,0,0,0,0,0,0,0,0,0,0,0,0,0,0,0,0,0
99,Mirabilis,https://www.proflowers.com/blog/wp-content/plugins/pf-flowertypes/image/mirabilis-jalapa-402433.jpg, Mid Summer,7 --11,Full Sun / Partial Shade,Well-drained,Attracts hummingbirds,0,1,0,0,0,0,0,0,0,0,1,0,0,0,0,0,0,0,0,0,0,0,0,0,0,0,0,0,0,0,0,0,0,0,0,0,0,0,0,0,0,0,0,0,0,0,0,0,0,0,0,0,0,0,0,0,0,0,0,0,0,0
100,Moonflower,https://www.proflowers.com/blog/wp-content/plugins/pf-flowertypes/image/ipomoea-alba.jpg,Early Summer ,10 --11,Full Sun,Well-drained,Attracts hummingbirds,0,1,0,0,0,0,0,0,0,0,1,0,0,0,0,0,0,0,0,0,0,0,0,0,0,0,0,0,0,0,0,0,0,0,0,0,0,0,0,0,0,0,0,0,0,0,0,0,0,0,0,0,0,0,0,0,0,0,0,0,0,0
101,Morning Glory,https://www.proflowers.com/blog/wp-content/plugins/pf-flowertypes/image/sky-blue-morning-glory-8793.jpg,Early Summer,2 --11,Full Sun,Well-drained,Attracts hummingbirds,0,1,0,0,0,0,0,0,0,0,1,0,0,0,0,0,0,0,0,0,0,0,0,0,0,0,0,0,0,0,0,0,0,0,0,0,0,0,0,0,0,0,0,0,0,0,0,0,0,0,0,0,0,0,0,0,0,0,0,0,0,0
102,Nasturtium,https://www.proflowers.com/blog/wp-content/plugins/pf-flowertypes/image/nasturtium-686987.jpg,Early Summer ,9 --11,Full Sun,Well-drained,Good for cut flowers,0,1,0,0,0,0,0,0,0,0,1,0,0,0,0,0,0,0,0,0,0,0,0,0,0,0,0,0,0,0,0,0,0,0,0,0,0,0,0,0,0,0,0,0,0,0,0,0,0,0,0,0,0,0,0,0,0,0,0,0,0,0
103,Nierembergia,https://www.proflowers.com/blog/wp-content/plugins/pf-flowertypes/image/nierembergia-frutescens.jpg, Mid Summer,7 --10,Full Sun / Partial Shade,Well-drained,Good for cut flowers,0,1,0,0,0,0,0,0,0,0,1,0,0,0,0,0,0,0,0,0,0,0,0,0,0,0,0,0,0,0,0,0,0,0,0,0,0,0,0,0,0,0,0,0,0,0,0,0,0,0,0,0,0,0,0,0,0,0,0,0,0,0
104,Orchid,https://www.proflowers.com/blog/wp-content/plugins/pf-flowertypes/image/orchid-648410.jpg,Early Spring ,2 --8,Full Sun / Partial Shade,Well-drained,Good for cut flowers,0,1,0,0,0,0,0,0,1,0,0,0,0,0,0,0,0,0,0,0,0,0,0,0,0,0,0,0,0,0,0,0,0,0,0,0,0,0,0,0,0,0,0,0,0,0,0,0,0,0,0,0,0,0,0,0,0,0,0,0,0,0
105,Osteospermum,https://www.proflowers.com/blog/wp-content/plugins/pf-flowertypes/image/african-daisy-338121.jpg, Mid Summer,9 --11,Full Sun,Well-drained,Good for cut flowers,0,1,0,0,0,0,0,0,0,0,1,0,0,0,0,0,0,0,0,0,0,0,0,0,0,0,0,0,0,0,0,0,0,0,0,0,0,0,0,0,0,0,0,0,0,0,0,0,0,0,0,0,0,0,0,0,0,0,0,0,0,0
106,Pansy,https://www.proflowers.com/blog/wp-content/plugins/pf-flowertypes/image/pansy-826463.jpg,Entire Spring,2 --11,Full Sun / Partial Shade,Well-drained,Tolerates frost,0,1,0,0,0,0,0,0,1,0,0,0,0,0,0,0,0,0,0,0,0,0,0,0,0,0,0,0,0,0,0,0,0,0,0,0,0,0,0,0,0,0,0,0,0,0,0,0,0,0,0,0,0,0,0,0,0,0,0,0,0,0
107,Pearly Everlasting,https://www.proflowers.com/blog/wp-content/plugins/pf-flowertypes/image/14939471371-f714900331.jpg, Mid Summer,3 --8,Full Sun / Partial Shade,Damp,Good for cut flowers,0,1,0,0,0,0,0,0,0,0,1,0,0,0,0,0,0,0,0,0,0,0,0,0,0,0,0,0,0,0,0,0,0,0,0,0,0,0,0,0,0,0,0,0,0,0,0,0,0,0,0,0,0,0,0,0,0,0,0,0,0,0
108,Perennial Flax,https://www.proflowers.com/blog/wp-content/plugins/pf-flowertypes/image/linum-narbonense-flor.jpg,Entire Summer,5 --9,Full Sun,Well-drained,Tolerates heat,0,1,0,0,0,0,0,0,0,0,1,0,0,0,0,0,0,0,0,0,0,0,0,0,0,0,0,0,0,0,0,0,0,0,0,0,0,0,0,0,0,0,0,0,0,0,0,0,0,0,0,0,0,0,0,0,0,0,0,0,0,0
109,Periwinkle,https://www.proflowers.com/blog/wp-content/plugins/pf-flowertypes/image/periwinkle-166913.jpg,Mid Spring ,2 --11,Full Sun / Partial Shade,Droughty,Tolerates heat,0,1,0,0,0,0,0,0,1,0,0,0,0,0,0,0,0,0,0,0,0,0,0,0,0,0,0,0,0,0,0,0,0,0,0,0,0,0,0,0,0,0,0,0,0,0,0,0,0,0,0,0,0,0,0,0,0,0,0,0,0,0
110,Petunia,https://www.proflowers.com/blog/wp-content/plugins/pf-flowertypes/image/petunia-662536.jpg,Early Summer ,8 --11,Full Sun,Well-drained,Attracts butterflies and hummingbirds,0,1,0,0,0,0,0,0,0,0,1,0,0,0,0,0,0,0,0,0,0,0,0,0,0,0,0,0,0,0,0,0,0,0,0,0,0,0,0,0,0,0,0,0,0,0,0,0,0,0,0,0,0,0,0,0,0,0,0,0,0,0
111,Pincushion Flower,https://www.proflowers.com/blog/wp-content/plugins/pf-flowertypes/image/field-scabious-167397.jpg,Early Summer,3 --11,Full Sun,Well-drained,Good for cut flowers,0,1,0,0,0,0,0,0,0,0,1,0,0,0,0,0,0,0,0,0,0,0,0,0,0,0,0,0,0,0,0,0,0,0,0,0,0,0,0,0,0,0,0,0,0,0,0,0,0,0,0,0,0,0,0,0,0,0,0,0,0,0
112,Polka Dot Plant,https://www.proflowers.com/blog/wp-content/plugins/pf-flowertypes/image/hypoestes-phyllostachya1.jpg,Mid Summer,10 --12,Partial Shade,Well-drained,Deer resistant,0,1,0,0,0,0,0,0,0,0,1,0,0,0,0,0,0,0,0,0,0,0,0,0,0,0,0,0,0,0,0,0,0,0,0,0,0,0,0,0,0,0,0,0,0,0,0,0,0,0,0,0,0,0,0,0,0,0,0,0,0,0
113,Primrose,https://www.proflowers.com/blog/wp-content/plugins/pf-flowertypes/image/flower-737864.jpg,Entire Spring,3 --8,Partial Shade,Well-drained,Non-invasive,0,1,0,0,0,0,0,0,1,0,0,0,0,0,0,0,0,0,0,0,0,0,0,0,0,0,0,0,0,0,0,0,0,0,0,0,0,0,0,0,0,0,0,0,0,0,0,0,0,0,0,0,0,0,0,0,0,0,0,0,0,0
114,Ranunculus,https://www.proflowers.com/blog/wp-content/plugins/pf-flowertypes/image/flower-663507.jpg,Early Spring ,4 --7,Full Sun,Well-drained,Good for cut flowers,0,1,0,0,0,0,0,0,1,0,0,0,0,0,0,0,0,0,0,0,0,0,0,0,0,0,0,0,0,0,0,0,0,0,0,0,0,0,0,0,0,0,0,0,0,0,0,0,0,0,0,0,0,0,0,0,0,0,0,0,0,0
115,Red Valerian,https://www.proflowers.com/blog/wp-content/plugins/pf-flowertypes/image/centranthus-ruber-884234.jpg,Mid Summer,5 --8,Full Sun,Well-drained,Good for cut flowers,0,1,0,0,0,0,0,0,0,0,1,0,0,0,0,0,0,0,0,0,0,0,0,0,0,0,0,0,0,0,0,0,0,0,0,0,0,0,0,0,0,0,0,0,0,0,0,0,0,0,0,0,0,0,0,0,0,0,0,0,0,0
116,Rock Soapwort,https://www.proflowers.com/blog/wp-content/plugins/pf-flowertypes/image/caryophillaceae-saponaria-ocymoides-2.jpg,Early Spring ,2 --9,Full Sun,Well-drained,Deer resistant,0,1,0,0,0,0,0,0,1,0,0,0,0,0,0,0,0,0,0,0,0,0,0,0,0,0,0,0,0,0,0,0,0,0,0,0,0,0,0,0,0,0,0,0,0,0,0,0,0,0,0,0,0,0,0,0,0,0,0,0,0,0
117,Rose,https://www.proflowers.com/blog/wp-content/plugins/pf-flowertypes/image/rose-113735.jpg,Late Spring ,2 --11,Full Sun,Well-drained,Good for cut flowers,0,1,0,0,0,0,0,0,1,0,0,0,0,0,0,0,0,0,0,0,0,0,0,0,0,0,0,0,0,0,0,0,0,0,0,0,0,0,0,0,0,0,0,0,0,0,0,0,0,0,0,0,0,0,0,0,0,0,0,0,0,0
118,Rue,https://www.proflowers.com/blog/wp-content/plugins/pf-flowertypes/image/meadow-rue-909022.jpg, Mid Summer,4 --9,Full Sun / Partial Shade,Well-drained,Good for pressed flowers,0,1,0,0,0,0,0,0,0,0,1,0,0,0,0,0,0,0,0,0,0,0,0,0,0,0,0,0,0,0,0,0,0,0,0,0,0,0,0,0,0,0,0,0,0,0,0,0,0,0,0,0,0,0,0,0,0,0,0,0,0,0
119,Sanvitalia,https://www.proflowers.com/blog/wp-content/plugins/pf-flowertypes/image/flower-679333.jpg,Early Summer ,10 --11,Full Sun,Well-drained,Non-invasive,0,1,0,0,0,0,0,0,0,0,1,0,0,0,0,0,0,0,0,0,0,0,0,0,0,0,0,0,0,0,0,0,0,0,0,0,0,0,0,0,0,0,0,0,0,0,0,0,0,0,0,0,0,0,0,0,0,0,0,0,0,0
120,Scarlet Sage,https://www.proflowers.com/blog/wp-content/plugins/pf-flowertypes/image/fire-sage-228379.jpg, Mid Summer,3 --10,Full Sun / Partial Shade,Well-drained,Deer resistant,0,1,0,0,0,0,0,0,0,0,1,0,0,0,0,0,0,0,0,0,0,0,0,0,0,0,0,0,0,0,0,0,0,0,0,0,0,0,0,0,0,0,0,0,0,0,0,0,0,0,0,0,0,0,0,0,0,0,0,0,0,0
121,Sea Lavender,https://www.proflowers.com/blog/wp-content/plugins/pf-flowertypes/image/winged-beach-lilac-375590.jpg, Mid Summer,3 --9,Full Sun,Well-drained,Good for cut flowers,0,1,0,0,0,0,0,0,0,0,1,0,0,0,0,0,0,0,0,0,0,0,0,0,0,0,0,0,0,0,0,0,0,0,0,0,0,0,0,0,0,0,0,0,0,0,0,0,0,0,0,0,0,0,0,0,0,0,0,0,0,0
122,Sea Thrift,https://www.proflowers.com/blog/wp-content/plugins/pf-flowertypes/image/flowers-14448.jpg,Late Spring ,4 --8,Full Sun,Well-drained,Non-invasive,0,1,0,0,0,0,0,0,1,0,0,0,0,0,0,0,0,0,0,0,0,0,0,0,0,0,0,0,0,0,0,0,0,0,0,0,0,0,0,0,0,0,0,0,0,0,0,0,0,0,0,0,0,0,0,0,0,0,0,0,0,0
123,Shirley Poppy,https://www.proflowers.com/blog/wp-content/plugins/pf-flowertypes/image/poppies-381612.jpg,Late Spring ,3 --9,Full Sun,Well-drained,Good for cut flowers,0,1,0,0,0,0,0,0,1,0,0,0,0,0,0,0,0,0,0,0,0,0,0,0,0,0,0,0,0,0,0,0,0,0,0,0,0,0,0,0,0,0,0,0,0,0,0,0,0,0,0,0,0,0,0,0,0,0,0,0,0,0
124,Shooting Star,https://www.proflowers.com/blog/wp-content/plugins/pf-flowertypes/image/372840525-f193108fe4.jpg,Late Spring ,4 --8,Partial Shade / Full Shade,Well-drained,Non-invasive,0,1,0,0,0,0,0,0,1,0,0,0,0,0,0,0,0,0,0,0,0,0,0,0,0,0,0,0,0,0,0,0,0,0,0,0,0,0,0,0,0,0,0,0,0,0,0,0,0,0,0,0,0,0,0,0,0,0,0,0,0,0
125,Silvermound,https://www.proflowers.com/blog/wp-content/plugins/pf-flowertypes/image/artemisia-schmidtiana-parc-de-bercy.jpg,Mid Summer, 4 --8,Full Sun / Partial Shade,Well-drained,Tolerates heat,0,1,0,0,0,0,0,0,0,0,1,0,0,0,0,0,0,0,0,0,0,0,0,0,0,0,0,0,0,0,0,0,0,0,0,0,0,0,0,0,0,0,0,0,0,0,0,0,0,0,0,0,0,0,0,0,0,0,0,0,0,0
126,Skunk Cabbage,https://www.proflowers.com/blog/wp-content/plugins/pf-flowertypes/image/yellow-skunk-cabbage-605523.jpg,Early Spring ,4 --9,Full Sun / Partial Shade,Damp,Non-invasive,0,1,0,0,0,0,0,0,1,0,0,0,0,0,0,0,0,0,0,0,0,0,0,0,0,0,0,0,0,0,0,0,0,0,0,0,0,0,0,0,0,0,0,0,0,0,0,0,0,0,0,0,0,0,0,0,0,0,0,0,0,0
127,Snapdragon,https://www.proflowers.com/blog/wp-content/plugins/pf-flowertypes/image/yellow-144061.jpg, Mid Summer,9 --10,Full Sun,Well-drained,Good for cut flowers,0,1,0,0,0,0,0,0,0,0,1,0,0,0,0,0,0,0,0,0,0,0,0,0,0,0,0,0,0,0,0,0,0,0,0,0,0,0,0,0,0,0,0,0,0,0,0,0,0,0,0,0,0,0,0,0,0,0,0,0,0,0
128,Snow in Summer,https://www.proflowers.com/blog/wp-content/plugins/pf-flowertypes/image/cerastium-tomentosum-flower.jpg,Late Spring ,3 --7,Full Sun,Well-drained,Deer resistant,0,1,0,0,0,0,0,0,1,0,0,0,0,0,0,0,0,0,0,0,0,0,0,0,0,0,0,0,0,0,0,0,0,0,0,0,0,0,0,0,0,0,0,0,0,0,0,0,0,0,0,0,0,0,0,0,0,0,0,0,0,0
129,Snowdrop,https://www.proflowers.com/blog/wp-content/plugins/pf-flowertypes/image/snowdrop-523667.jpg,Early Spring,3 --9,Partial Shade,Well-drained,Non-invasive,0,1,0,0,0,0,0,0,1,0,0,0,0,0,0,0,0,0,0,0,0,0,0,0,0,0,0,0,0,0,0,0,0,0,0,0,0,0,0,0,0,0,0,0,0,0,0,0,0,0,0,0,0,0,0,0,0,0,0,0,0,0
130,Solomon's Seal,https://www.proflowers.com/blog/wp-content/plugins/pf-flowertypes/image/polygonatum-odoratum-338936.jpg,Mid Spring ,3 --9,Full Sun / Partial Shade/Full Shade,Well-drained,Deer resistant,0,1,0,0,0,0,0,0,1,0,0,0,0,0,0,0,0,0,0,0,0,0,0,0,0,0,0,0,0,0,0,0,0,0,0,0,0,0,0,0,0,0,0,0,0,0,0,0,0,0,0,0,0,0,0,0,0,0,0,0,0,0
131,Entire Spring Snowflake,https://www.proflowers.com/blog/wp-content/plugins/pf-flowertypes/image/snowflake-5665.jpg,Early Spring,4 --8 ,Full Sun / Partial Shade,Well-drained,Non-invasive,0,1,0,0,0,0,0,0,1,0,0,0,0,0,0,0,0,0,0,0,0,0,0,0,0,0,0,0,0,0,0,0,0,0,0,0,0,0,0,0,0,0,0,0,0,0,0,0,0,0,0,0,0,0,0,0,0,0,0,0,0,0
132,Summer Savory,https://www.proflowers.com/blog/wp-content/plugins/pf-flowertypes/image/summer-savory-115371.jpg, Mid Summer,5 --8,Full Sun,Well-drained,Good for pressed flowers,0,1,0,0,0,0,0,0,0,0,1,0,0,0,0,0,0,0,0,0,0,0,0,0,0,0,0,0,0,0,0,0,0,0,0,0,0,0,0,0,0,0,0,0,0,0,0,0,0,0,0,0,0,0,0,0,0,0,0,0,0,0
133,Sunflower,https://www.proflowers.com/blog/wp-content/plugins/pf-flowertypes/image/sunflower-290496.jpg,Early Summer ,3 --10,Full Sun,Well-drained,Good for cut flowers,0,1,0,0,0,0,0,0,0,0,1,0,0,0,0,0,0,0,0,0,0,0,0,0,0,0,0,0,0,0,0,0,0,0,0,0,0,0,0,0,0,0,0,0,0,0,0,0,0,0,0,0,0,0,0,0,0,0,0,0,0,0
134,Sweet Alyssum,https://www.proflowers.com/blog/wp-content/plugins/pf-flowertypes/image/little-dorrit-322525.jpg,Late Spring ,7 --11,Full Sun / Partial Shade,Damp,Attracts butterflies,0,1,0,0,0,0,0,0,1,0,0,0,0,0,0,0,0,0,0,0,0,0,0,0,0,0,0,0,0,0,0,0,0,0,0,0,0,0,0,0,0,0,0,0,0,0,0,0,0,0,0,0,0,0,0,0,0,0,0,0,0,0
135,Sweet Woodruff,https://www.proflowers.com/blog/wp-content/plugins/pf-flowertypes/image/8743214671-165e278b8f.jpg,Late Spring,5 --8,Partial Shade / Full Shade,Well-drained,Deer resistant,0,1,0,0,0,0,0,0,1,0,0,0,0,0,0,0,0,0,0,0,0,0,0,0,0,0,0,0,0,0,0,0,0,0,0,0,0,0,0,0,0,0,0,0,0,0,0,0,0,0,0,0,0,0,0,0,0,0,0,0,0,0
136,Tansy,https://www.proflowers.com/blog/wp-content/plugins/pf-flowertypes/image/tansy-10381.jpg, Mid Summer,4 --8,Full Sun,Well-drained,Good for pressed flowers,0,1,0,0,0,0,0,0,0,0,1,0,0,0,0,0,0,0,0,0,0,0,0,0,0,0,0,0,0,0,0,0,0,0,0,0,0,0,0,0,0,0,0,0,0,0,0,0,0,0,0,0,0,0,0,0,0,0,0,0,0,0
137,Thunbergia,https://www.proflowers.com/blog/wp-content/plugins/pf-flowertypes/image/black-eyed-susan-407767.jpg, Mid Summer,9 --10,Full Sun,Well-drained,Non-invasive,0,1,0,0,0,0,0,0,0,0,1,0,0,0,0,0,0,0,0,0,0,0,0,0,0,0,0,0,0,0,0,0,0,0,0,0,0,0,0,0,0,0,0,0,0,0,0,0,0,0,0,0,0,0,0,0,0,0,0,0,0,0
138,Tithonia,https://www.proflowers.com/blog/wp-content/plugins/pf-flowertypes/image/tithonia-diversifolia-765106.jpg,Mid Summer,10 --11,Full Sun,Well-drained,Good for cut flowers,0,1,0,0,0,0,0,0,0,0,1,0,0,0,0,0,0,0,0,0,0,0,0,0,0,0,0,0,0,0,0,0,0,0,0,0,0,0,0,0,0,0,0,0,0,0,0,0,0,0,0,0,0,0,0,0,0,0,0,0,0,0
139,Torenia,https://www.proflowers.com/blog/wp-content/plugins/pf-flowertypes/image/8225263728-e0f786f37d.jpg,Mid Summer,2 --11,Partial Shade,Well-drained,Attracts hummingbirds,0,1,0,0,0,0,0,0,0,0,1,0,0,0,0,0,0,0,0,0,0,0,0,0,0,0,0,0,0,0,0,0,0,0,0,0,0,0,0,0,0,0,0,0,0,0,0,0,0,0,0,0,0,0,0,0,0,0,0,0,0,0
140,Trillium,https://www.proflowers.com/blog/wp-content/plugins/pf-flowertypes/image/trillium-179717.jpg,Late Spring,3 --9,Partial Shade,Well-drained,Non-invasive,0,1,0,0,0,0,0,0,1,0,0,0,0,0,0,0,0,0,0,0,0,0,0,0,0,0,0,0,0,0,0,0,0,0,0,0,0,0,0,0,0,0,0,0,0,0,0,0,0,0,0,0,0,0,0,0,0,0,0,0,0,0
141,Tulip,https://www.proflowers.com/blog/wp-content/plugins/pf-flowertypes/image/tulip-271352.jpg,Entire Spring,4 --8,Full Sun,Well-drained,Good for cut flowers,0,1,0,0,0,0,0,0,1,0,0,0,0,0,0,0,0,0,0,0,0,0,0,0,0,0,0,0,0,0,0,0,0,0,0,0,0,0,0,0,0,0,0,0,0,0,0,0,0,0,0,0,0,0,0,0,0,0,0,0,0,0
142,Verbena,https://www.proflowers.com/blog/wp-content/plugins/pf-flowertypes/image/flowers-756181.jpg, Mid Summer,7 --9,Full Sun,Well-drained,Good for cut flowers,0,1,0,0,0,0,0,0,0,0,1,0,0,0,0,0,0,0,0,0,0,0,0,0,0,0,0,0,0,0,0,0,0,0,0,0,0,0,0,0,0,0,0,0,0,0,0,0,0,0,0,0,0,0,0,0,0,0,0,0,0,0
143,Violet,https://www.proflowers.com/blog/wp-content/plugins/pf-flowertypes/image/plant-978227.jpg,Early Spring ,3 --9,Full Sun / Partial Shade,Well-drained,Non-invasive,0,1,0,0,0,0,0,0,1,0,0,0,0,0,0,0,0,0,0,0,0,0,0,0,0,0,0,0,0,0,0,0,0,0,0,0,0,0,0,0,0,0,0,0,0,0,0,0,0,0,0,0,0,0,0,0,0,0,0,0,0,0
144,Virginia Bluebell,https://www.proflowers.com/blog/wp-content/plugins/pf-flowertypes/image/virginiabluebells.jpg,Mid Spring,4 --9,Partial Shade,Damp,Non-invasive,0,1,0,0,0,0,0,0,1,0,0,0,0,0,0,0,0,0,0,0,0,0,0,0,0,0,0,0,0,0,0,0,0,0,0,0,0,0,0,0,0,0,0,0,0,0,0,0,0,0,0,0,0,0,0,0,0,0,0,0,0,0
145,Wild Senna,https://www.proflowers.com/blog/wp-content/plugins/pf-flowertypes/image/senna-multiglandulosa-5.jpg,Mid Summer,4 --7,Full Sun,Well-drained,Attracts butterflies and hummingbirds,0,1,0,0,0,0,0,0,0,0,1,0,0,0,0,0,0,0,0,0,0,0,0,0,0,0,0,0,0,0,0,0,0,0,0,0,0,0,0,0,0,0,0,0,0,0,0,0,0,0,0,0,0,0,0,0,0,0,0,0,0,0
146,Windflower,https://www.proflowers.com/blog/wp-content/plugins/pf-flowertypes/image/anemone-nemorosa-18303.jpg,Early Spring,4 --8,Full Sun / Partial Shade,Well-drained,Deer resistant,0,1,0,0,0,0,0,0,1,0,0,0,0,0,0,0,0,0,0,0,0,0,0,0,0,0,0,0,0,0,0,0,0,0,0,0,0,0,0,0,0,0,0,0,0,0,0,0,0,0,0,0,0,0,0,0,0,0,0,0,0,0
147,Yarrow,https://www.proflowers.com/blog/wp-content/plugins/pf-flowertypes/image/yarrow-181683.jpg,Mid Summer,3 --10,Full Sun,Well-drained,Deer resistant,0,1,0,0,0,0,0,0,0,0,1,0,0,0,0,0,0,0,0,0,0,0,0,0,0,0,0,0,0,0,0,0,0,0,0,0,0,0,0,0,0,0,0,0,0,0,0,0,0,0,0,0,0,0,0,0,0,0,0,0,0,0
148,Yellow Archangel,https://www.proflowers.com/blog/wp-content/plugins/pf-flowertypes/image/dead-nettle-474348.jpg,Late Spring ,3 --9,Partial Shade / Full Shade,Well-drained,Deer resistant,0,1,0,0,0,0,0,0,1,0,0,0,0,0,0,0,0,0,0,0,0,0,0,0,0,0,0,0,0,0,0,0,0,0,0,0,0,0,0,0,0,0,0,0,0,0,0,0,0,0,0,0,0,0,0,0,0,0,0,0,0,0
149,Yellow Loosestrife,https://www.proflowers.com/blog/wp-content/plugins/pf-flowertypes/image/loosestrife-8153.jpg, Mid Summer,3 --9,Full Sun / Partial Shade,Damp,Good for cut flowers,0,1,0,0,0,0,0,0,0,0,1,0,0,0,0,0,0,0,0,0,0,0,0,0,0,0,0,0,0,0,0,0,0,0,0,0,0,0,0,0,0,0,0,0,0,0,0,0,0,0,0,0,0,0,0,0,0,0,0,0,0,0
150,Zinnia,https://www.proflowers.com/blog/wp-content/plugins/pf-flowertypes/image/zinnia-413564.jpg,Mid Summer,2 --11,Full Sun,Well-drained,Good for cut flowers,0,1,0,0,0,0,0,0,0,0,1,0,0,0,0,0,0,0,0,0,0,0,0,0,0,0,0,0,0,0,0,0,0,0,0,0,0,0,0,0,0,0,0,0,0,0,0,0,0,0,0,0,0,0,0,0,0,0,0,0,0,0
151,Alfalfa Seed,"https://purewows3.imgix.net/images/articles/2016_10/alflfa.png?auto=format,compress&cs=strip",,,,,,1,0,0,0,0,0,1,0,0,0,0,0,0,0,0,0,0,0,0,0,0,0,0,0,0,0,0,0,0,0,0,0,0,0,0,0,0,0,0,1,0,0,0,0,0,0,0,0,0,0,0,0,0,0,0,0,0,0,0,0,0,0
152,Hops,"https://purewows3.imgix.net/images/articles/2016_10/hops.png?auto=format,compress&cs=strip",,,,,,0,1,0,0,0,0,1,0,0,0,0,0,0,0,0,0,0,0,0,0,0,0,0,0,0,0,0,0,0,0,0,0,0,0,0,0,0,0,0,0,0,0,0,0,0,0,0,0,1,0,0,0,0,0,0,0,0,0,0,0,0,0
153,Flaxseed,"https://purewows3.imgix.net/images/articles/2016_10/slaxseed.png?auto=format,compress&cs=strip",,,,,,0,1,0,0,0,0,1,0,0,0,0,0,0,0,0,0,0,0,0,0,0,0,0,0,0,0,0,0,0,0,0,0,0,0,0,0,0,0,0,0,0,0,0,0,0,0,0,0,0,0,0,0,1,0,0,0,0,0,0,0,0,0
154,Asian Pears,"https://purewows3.imgix.net/images/articles/2016_10/conn.png?auto=format,compress&cs=strip",,,,,,0,0,1,0,0,0,1,0,0,0,0,0,0,0,0,0,0,0,1,0,0,0,0,0,0,0,0,0,0,0,0,0,0,0,0,0,0,0,0,0,0,0,0,0,0,0,0,0,0,0,0,0,0,0,0,0,0,0,0,0,0,0
155,Honeycrisp Apples,"https://purewows3.imgix.net/images/articles/2016_10/minnesota.png?auto=format,compress&cs=strip",,,,,,0,0,1,0,0,0,1,0,0,0,0,0,0,0,0,0,0,0,0,0,0,0,0,0,0,0,0,0,0,0,0,0,0,0,1,0,0,0,0,0,0,0,0,0,0,0,0,0,0,0,0,0,0,0,0,0,0,0,0,0,0,0
156,Pawpaw,"https://purewows3.imgix.net/images/articles/2016_10/ohio.png?auto=format,compress&cs=strip",,,,,,0,0,1,0,0,0,1,0,0,0,0,0,0,0,0,0,0,0,0,0,0,0,0,0,0,0,0,0,0,0,0,0,0,0,0,0,0,0,0,0,0,0,0,0,0,0,1,0,0,0,0,0,0,0,0,0,0,0,0,0,0,0
157,RI Greening Apples,"https://purewows3.imgix.net/images/articles/2016_10/rhodeisland.png?auto=format,compress&cs=strip",,,,,,0,0,1,0,0,0,1,0,0,0,0,0,0,0,0,0,0,0,0,0,0,0,0,0,0,0,0,0,0,0,0,0,0,0,0,0,0,0,0,0,0,0,0,0,0,0,0,0,0,0,1,0,0,0,0,0,0,0,0,0,0,0
158,Grapes,"https://purewows3.imgix.net/images/articles/2016_10/grapes.png?auto=format,compress&cs=strip",,,,,,0,0,1,0,0,0,1,0,0,0,0,0,0,0,0,0,0,0,0,0,0,0,0,0,0,0,0,0,0,0,0,0,0,0,0,0,0,0,0,0,0,0,0,0,0,0,0,0,0,0,0,0,0,0,0,0,0,1,0,0,0,0
159,Apples,"https://purewows3.imgix.net/images/articles/2016_10/apple1.png?auto=format,compress&cs=strip",,,,,,0,0,1,0,0,0,1,0,0,0,0,0,0,0,0,0,0,0,0,0,0,0,0,0,0,0,0,0,0,0,0,0,0,0,0,0,0,0,0,0,0,0,0,0,0,0,0,0,0,0,0,0,0,0,0,0,0,0,1,0,0,0
160,Golden Delicious Apples,"https://purewows3.imgix.net/images/articles/2016_10/golden.png?auto=format,compress&cs=strip",,,,,,0,0,1,0,0,0,1,0,0,0,0,0,0,0,0,0,0,0,0,0,0,0,0,0,0,0,0,0,0,0,0,0,0,0,0,0,0,0,0,0,0,0,0,0,0,0,0,0,0,0,0,0,0,0,0,0,0,0,0,1,0,0
161,Sugarcane,"https://purewows3.imgix.net/images/articles/2016_10/louisianna.png?auto=format,compress&cs=strip",,,,,,0,0,0,0,1,0,1,0,0,0,0,0,0,0,0,0,0,0,0,0,0,0,0,0,0,0,0,0,0,1,0,0,0,0,0,0,0,0,0,0,0,0,0,0,0,0,0,0,0,0,0,0,0,0,0,0,0,0,0,0,0,0
162,Maize,"https://purewows3.imgix.net/images/articles/2016_10/maize.png?auto=format,compress&cs=strip",,,,,,0,0,0,0,0,1,1,0,0,0,0,0,0,0,0,0,0,0,0,0,0,0,0,0,0,0,0,0,0,0,0,0,0,0,0,1,0,0,0,0,0,0,0,0,0,0,0,0,0,0,0,0,0,0,0,0,0,0,0,0,0,0
163,Sugar beets,"https://purewows3.imgix.net/images/articles/2016_10/sugarbeet.png?auto=format,compress&cs=strip",,,,,,0,0,0,0,0,1,1,0,0,0,0,0,0,0,0,0,0,0,0,0,0,0,0,0,0,0,0,0,0,0,0,0,0,0,0,0,0,0,1,0,0,0,0,0,0,0,0,0,0,0,0,0,0,0,0,0,0,0,0,0,0,0
164,Green Chile Peppers,"https://purewows3.imgix.net/images/articles/2016_10/newmexico.png?auto=format,compress&cs=strip",,,,,,0,0,0,0,0,1,1,0,0,0,0,0,0,0,0,0,0,0,0,0,0,0,0,0,0,0,0,0,0,0,0,0,0,0,0,0,0,0,0,0,0,0,1,0,0,0,0,0,0,0,0,0,0,0,0,0,0,0,0,0,0,0
165,Cabbage ,"https://purewows3.imgix.net/images/articles/2016_10/cabage.png?auto=format,compress&cs=strip",,,,,,0,0,0,0,0,1,1,0,0,0,0,0,0,1,0,0,0,0,0,0,0,0,0,0,0,0,0,0,0,0,0,0,0,0,0,0,0,0,0,0,0,0,0,0,0,0,0,0,0,0,0,0,0,0,0,0,0,0,0,0,0,0
166,Lettuce,"https://purewows3.imgix.net/images/articles/2016_10/lettuce.png?auto=format,compress&cs=strip",,,,,,0,0,0,0,0,1,1,0,0,0,0,0,0,0,1,0,0,0,0,0,0,0,0,0,0,0,0,0,0,0,0,0,0,0,0,0,0,0,0,0,0,0,0,0,0,0,0,0,0,0,0,0,0,0,0,0,0,0,0,0,0,0
167,Russet Potatoes,"https://purewows3.imgix.net/images/articles/2016_10/idah.png?auto=format,compress&cs=strip",,,,,,0,0,0,0,0,1,1,0,0,0,0,0,0,0,0,0,0,0,0,0,0,0,0,1,0,0,0,0,0,0,0,0,0,0,0,0,0,0,0,0,0,0,0,0,0,0,0,0,0,0,0,0,0,0,0,0,0,0,0,0,0,0
168,Corn,"https://purewows3.imgix.net/images/articles/2016_10/corn.png?auto=format,compress&cs=strip",,,,,,0,0,0,0,0,1,1,0,0,0,0,0,0,0,0,0,0,0,0,0,0,0,0,0,0,0,1,0,0,0,0,0,0,0,0,0,0,0,0,0,0,0,0,0,0,0,0,0,0,0,0,0,0,0,0,0,0,0,0,0,0,0
169,Sweet Corn,"https://purewows3.imgix.net/images/articles/2016_10/corn1.png?auto=format,compress&cs=strip",,,,,,0,0,0,0,0,1,1,0,0,0,0,0,0,0,0,0,0,0,0,0,0,0,0,0,0,0,0,0,0,0,0,0,0,0,0,0,0,0,0,0,0,0,0,0,0,0,0,0,0,0,0,0,0,0,0,0,0,0,0,0,1,0
170, Pumpkins,"https://purewows3.imgix.net/images/articles/2016_10/pumpkin.png?auto=format,compress&cs=strip",,,,,,0,0,1,0,0,0,1,0,0,0,0,0,0,0,0,0,0,0,0,0,0,0,0,0,0,0,0,0,0,0,0,0,0,0,0,0,0,0,0,0,1,0,0,0,0,0,0,0,0,0,0,0,0,0,0,0,0,0,0,0,0,0
171,Cranberries,"https://purewows3.imgix.net/images/articles/2016_10/mass.png?auto=format,compress&cs=strip",,,,,,0,0,1,0,0,0,0,1,0,0,0,0,0,0,0,0,0,0,0,0,0,0,0,0,0,0,0,0,0,0,0,0,1,0,0,0,0,0,0,0,0,0,0,0,0,0,0,0,0,0,0,0,0,0,0,0,0,0,0,0,0,0
172,Winter Wheat,"https://purewows3.imgix.net/images/articles/2016_10/wheat.png?auto=format,compress&cs=strip",,,,,,0,0,0,1,0,0,0,1,0,0,0,0,0,0,0,0,0,0,0,0,0,0,0,0,0,1,0,0,0,0,0,0,0,0,0,0,0,0,0,0,0,0,0,0,0,0,0,0,0,0,0,0,0,0,0,0,0,0,0,0,0,0
173,Pecans ,"https://purewows3.imgix.net/images/articles/2016_10/pean.png?auto=format,compress&cs=strip",,,,,,0,0,0,1,0,0,0,1,0,0,0,0,0,0,0,0,0,0,0,0,0,0,0,0,0,0,0,0,0,0,0,0,0,0,0,0,0,0,0,0,0,0,0,0,0,0,0,0,0,0,0,0,0,0,1,0,0,0,0,0,0,0
174,Cortland Apples,"https://purewows3.imgix.net/images/articles/2016_10/apple.png?auto=format,compress&cs=strip",,,,,,0,0,1,0,0,0,0,1,0,0,0,0,0,0,0,0,0,0,0,0,0,0,0,0,0,0,0,0,0,0,0,0,0,0,0,0,0,0,0,0,0,0,0,1,0,0,0,0,0,0,0,0,0,0,0,0,0,0,0,0,0,0
175,Beans,"https://purewows3.imgix.net/images/articles/2016_10/beans.png?auto=format,compress&cs=strip",,,,,,0,0,1,0,0,0,0,0,1,0,0,0,0,0,0,0,0,0,0,0,0,0,0,0,0,0,0,0,0,0,0,0,0,0,0,0,0,1,0,0,0,0,0,0,0,0,0,0,0,0,0,0,0,0,0,0,0,0,0,0,0,0
176,Mushrooms,"https://purewows3.imgix.net/images/articles/2016_10/shroom.png?auto=format,compress&cs=strip",,,,,,0,0,0,0,1,0,0,0,1,0,0,0,0,0,0,0,0,0,0,0,0,0,0,0,0,0,0,0,0,0,0,0,0,0,0,0,0,0,0,0,0,0,0,0,0,0,0,0,0,1,0,0,0,0,0,0,0,0,0,0,0,0
177, Avocados,"https://purewows3.imgix.net/images/articles/2016_10/california.png?auto=format,compress&cs=strip",,,,,,0,0,1,0,0,0,0,0,0,1,0,0,0,0,0,0,1,0,0,0,0,0,0,0,0,0,0,0,0,0,0,0,0,0,0,0,0,0,0,0,0,0,0,0,0,0,0,0,0,0,0,0,0,0,0,0,0,0,0,0,0,0
178,Strawberries,"https://purewows3.imgix.net/images/articles/2016_10/delaware.png?auto=format,compress&cs=strip",,,,,,0,0,1,0,0,0,0,0,0,1,0,0,0,0,0,0,0,0,0,1,0,0,0,0,0,0,0,0,0,0,0,0,0,0,0,0,0,0,0,0,0,0,0,0,0,0,0,0,0,0,0,0,0,0,0,0,0,0,0,0,0,0
179,Pineapple,"https://purewows3.imgix.net/images/articles/2016_10/pineapple.png?auto=format,compress&cs=strip",,,,,,0,0,1,0,0,0,0,0,0,1,0,0,0,0,0,0,0,0,0,0,0,0,1,0,0,0,0,0,0,0,0,0,0,0,0,0,0,0,0,0,0,0,0,0,0,0,0,0,0,0,0,0,0,0,0,0,0,0,0,0,0,0
180,Blueberries,"https://purewows3.imgix.net/images/articles/2016_10/blueberry.png?auto=format,compress&cs=strip",,,,,,0,0,1,0,0,0,0,0,0,1,0,0,0,0,0,0,0,0,0,0,0,0,0,0,0,0,0,0,0,0,1,0,0,0,0,0,0,0,0,0,0,0,0,0,0,0,0,0,0,0,0,0,0,0,0,0,0,0,0,0,0,0
181,Sorghum,"https://purewows3.imgix.net/images/articles/2016_10/kansas.png?auto=format,compress&cs=strip",,,,,,0,0,0,1,0,0,0,0,0,1,0,0,0,0,0,0,0,0,0,0,0,0,0,0,0,0,0,1,0,0,0,0,0,0,0,0,0,0,0,0,0,0,0,0,0,0,0,0,0,0,0,0,0,0,0,0,0,0,0,0,0,0
182,Sunflowers,"https://purewows3.imgix.net/images/articles/2016_10/sunflowers.png?auto=format,compress&cs=strip",,,,,,0,1,0,0,0,0,0,0,0,0,1,0,0,0,0,0,0,0,0,0,0,0,0,0,0,0,0,0,0,0,0,0,0,0,0,0,0,0,0,0,0,0,0,0,0,1,0,0,0,0,0,0,0,0,0,0,0,0,0,0,0,0
183,Blackberries,"https://purewows3.imgix.net/images/articles/2016_10/blackberries.png?auto=format,compress&cs=strip",,,,,,0,0,1,0,0,0,0,0,0,0,1,0,1,0,0,0,0,0,0,0,0,0,0,0,0,0,0,0,0,0,0,0,0,0,0,0,0,0,0,0,0,0,0,0,0,0,0,0,0,0,0,0,0,0,0,0,0,0,0,0,0,0
184,Watermelon,"https://purewows3.imgix.net/images/articles/2016_10/melon.png?auto=format,compress&cs=strip",,,,,,0,0,1,0,0,0,0,0,0,0,1,0,0,0,0,1,0,0,0,0,0,0,0,0,0,0,0,0,0,0,0,0,0,0,0,0,0,0,0,0,0,0,0,0,0,0,0,0,0,0,0,0,0,0,0,0,0,0,0,0,0,0
185,Peaches,"https://purewows3.imgix.net/images/articles/2016_10/georgia.png?auto=format,compress&cs=strip",,,,,,0,0,1,0,0,0,0,0,0,0,1,0,0,0,0,0,0,0,0,0,0,1,0,0,0,0,0,0,0,0,0,0,0,0,0,0,0,0,0,0,0,0,0,0,0,0,0,0,0,0,0,0,0,0,0,0,0,0,0,0,0,0
186,Cherries,"https://purewows3.imgix.net/images/articles/2016_10/michigan.png?auto=format,compress&cs=strip",,,,,,0,0,1,0,0,0,0,0,0,0,1,0,0,0,0,0,0,0,0,0,0,0,0,0,0,0,0,0,0,0,0,0,0,1,0,0,0,0,0,0,0,0,0,0,0,0,0,0,0,0,0,0,0,0,0,0,0,0,0,0,0,0
187,Barley,"https://purewows3.imgix.net/images/articles/2016_10/barley.png?auto=format,compress&cs=strip",,,,,,0,0,0,1,0,0,0,0,0,0,1,0,0,0,0,0,0,0,0,0,0,0,0,0,0,0,0,0,0,0,0,0,0,0,0,0,0,0,0,0,0,0,0,0,0,0,0,0,0,0,0,0,0,0,0,1,0,0,0,0,0,0
188,Peanuts,"https://purewows3.imgix.net/images/articles/2016_10/peanuts.png?auto=format,compress&cs=strip",,,,,,0,0,0,1,0,0,0,0,0,0,1,0,0,0,0,0,0,0,0,0,0,0,0,0,0,0,0,0,0,0,0,0,0,0,0,0,0,0,0,0,0,0,0,0,0,0,0,1,0,0,0,0,0,0,0,0,0,0,0,0,0,0
189,Tomatoes,"https://purewows3.imgix.net/images/articles/2016_10/tomatoes.png?auto=format,compress&cs=strip",,,,,,0,0,0,0,0,1,0,0,0,0,1,0,0,0,0,0,0,0,0,0,0,0,0,0,0,0,0,0,0,0,0,0,0,0,0,0,0,0,0,0,0,1,0,0,0,0,0,0,0,0,0,0,0,0,0,0,0,0,0,0,0,0
190,Soybeans,"https://purewows3.imgix.net/images/articles/2016_10/soybean.png?auto=format,compress&cs=strip",,,,,,0,0,0,0,0,1,0,0,0,0,1,0,0,0,0,0,0,0,0,0,0,0,0,0,1,0,0,0,0,0,0,0,0,0,0,0,0,0,0,0,0,0,0,0,0,0,0,0,0,0,0,0,0,0,0,0,0,0,0,0,0,0
191,Collard Greens,"https://purewows3.imgix.net/images/articles/2016_10/collard.png?auto=format,compress&cs=strip",,,,,,0,0,0,0,0,1,0,0,0,0,1,0,0,0,0,0,0,0,0,0,0,0,0,0,0,0,0,0,0,0,0,0,0,0,0,0,0,0,0,0,0,0,0,0,0,0,0,0,0,0,0,1,0,0,0,0,0,0,0,0,0,0
192, Hay,"https://purewows3.imgix.net/images/articles/2016_10/missouri.png?auto=format,compress&cs=strip",,,,,,1,0,0,0,0,0,0,0,0,0,1,0,0,0,0,0,0,0,0,0,0,0,0,0,0,0,0,0,0,0,0,0,0,0,0,0,1,0,0,0,0,0,0,0,0,0,0,0,0,0,0,0,0,0,0,0,0,0,0,0,0,0
193,Sweet Potatoes,"https://purewows3.imgix.net/images/articles/2016_10/northcarolina.png?auto=format,compress&cs=strip",,,,,,0,0,0,0,0,1,0,0,0,0,1,0,0,0,0,0,0,0,0,0,0,0,0,0,0,0,0,0,0,0,0,0,0,0,0,0,0,0,0,0,0,0,0,0,1,0,0,0,0,0,0,0,0,0,0,0,0,0,0,0,0,0
194,Honeybell Oranges,"https://purewows3.imgix.net/images/articles/2016_10/florida.png?auto=format,compress&cs=strip",,,,,,0,0,1,0,0,0,0,0,0,0,0,1,0,0,0,0,0,0,0,0,1,0,0,0,0,0,0,0,0,0,0,0,0,0,0,0,0,0,0,0,0,0,0,0,0,0,0,0,0,0,0,0,0,0,0,0,0,0,0,0,0,0
195,Maple Syrup,"https://purewows3.imgix.net/images/articles/2016_10/syrup.png?auto=format,compress&cs=strip",,,,,,0,0,0,0,1,0,0,0,0,0,0,1,0,0,0,0,0,0,0,0,0,0,0,0,0,0,0,0,0,0,0,0,0,0,0,0,0,0,0,0,0,0,0,0,0,0,0,0,0,0,0,0,0,0,0,0,1,0,0,0,0,0
196,Marijuana,"https://purewows3.imgix.net/images/articles/2016_10/marijuana.png?auto=format,compress&cs=strip",,,,,,0,1,0,0,0,0,0,0,0,0,0,0,0,0,0,0,0,1,0,0,0,0,0,0,0,0,0,0,0,0,0,0,0,0,0,0,0,0,0,0,0,0,0,0,0,0,0,0,0,0,0,0,0,0,0,0,0,0,0,0,0,0
197,Bourbon,"https://purewows3.imgix.net/images/articles/2016_10/bourbon.png?auto=format,compress&cs=strip",,,,,,0,0,0,0,1,0,0,0,0,0,0,0,0,0,0,0,0,0,0,0,0,0,0,0,0,0,0,0,1,0,0,0,0,0,0,0,0,0,0,0,0,0,0,0,0,0,0,0,0,0,0,0,0,0,0,0,0,0,0,0,0,0
198,Crabs,"https://purewows3.imgix.net/images/articles/2016_10/crabs.png?auto=format,compress&cs=strip",,,,,,0,0,0,0,1,0,0,0,0,0,0,0,0,0,0,0,0,0,0,0,0,0,0,0,0,0,0,0,0,0,0,1,0,0,0,0,0,0,0,0,0,0,0,0,0,0,0,0,0,0,0,0,0,0,0,0,0,0,0,0,0,0
199,Jack Daniel's Whiskey,"https://purewows3.imgix.net/images/articles/2016_10/whiskey.png?auto=format,compress&cs=strip",,,,,,0,0,0,0,1,0,0,0,0,0,0,0,0,0,0,0,0,0,0,0,0,0,0,0,0,0,0,0,0,0,0,0,0,0,0,0,0,0,0,0,0,0,0,0,0,0,0,0,0,0,0,0,0,1,0,0,0,0,0,0,0,0
200,Livestock,"https://purewows3.imgix.net/images/articles/2016_10/cow.png?auto=format,compress&cs=strip",,,,,,0,0,0,0,1,0,0,0,0,0,0,0,0,0,0,0,0,0,0,0,0,0,0,0,0,0,0,0,0,0,0,0,0,0,0,0,0,0,0,0,0,0,0,0,0,0,0,0,0,0,0,0,0,0,0,0,0,0,0,0,0,1
201, Barley,https://i.insider.com/5b52235a51dfbe2d008b45c4,,,,,,0,0,0,0,1,0,0,0,1,0,0,0,0,0,0,0,0,0,0,0,0,0,0,0,0,0,0,0,0,0,0,0,0,0,0,0,0,0,0,1,0,0,0,0,0,0,0,0,0,0,0,0,0,0,0,0,0,0,0,0,0,0
202, Hazelnuts,https://i.insider.com/5a78d5aa5c96b033008b4623,,,,,,0,0,0,0,0,1,0,0,0,0,1,0,0,0,0,0,0,0,0,0,0,0,0,0,0,0,0,0,0,0,0,0,0,0,0,0,0,0,0,0,0,0,0,0,0,0,0,0,1,0,0,0,0,0,0,0,0,0,0,0,0,0
203, Flaxseed,https://i.insider.com/5a99ca0d283ef757008b45b9,,,,,,0,0,0,0,0,1,0,0,1,0,0,0,0,0,0,0,0,0,0,0,0,0,0,0,0,0,0,0,0,0,0,0,0,0,0,0,0,0,0,0,0,0,0,0,0,0,0,0,0,0,0,0,1,0,0,0,0,0,0,0,0,0
204, Apples,https://i.insider.com/5c5b6371eb3ce817082d3713,,,,,,0,0,0,1,0,0,1,0,0,0,0,0,0,0,0,0,0,0,1,0,0,0,0,0,0,0,0,0,0,0,0,0,0,0,0,0,0,0,0,0,0,0,0,0,0,0,0,0,0,0,0,0,0,0,0,0,0,0,0,0,0,0
205, Beans,https://i.insider.com/5b325f1a5e48ec1c008b4570,,,,,,0,0,1,0,0,0,0,0,0,0,1,0,0,0,0,0,0,0,0,0,0,0,0,0,0,0,0,0,0,0,0,0,0,0,1,0,0,0,0,0,0,0,0,0,0,0,0,0,0,0,0,0,0,0,0,0,0,0,0,0,0,0
206, Tomatoes,https://i.insider.com/5ad0e2d5facba81e008b45af,,,,,,0,0,0,0,0,1,0,0,1,0,0,0,0,0,0,0,0,0,0,0,0,0,0,0,0,0,0,0,0,0,0,0,0,0,0,0,0,0,0,0,0,0,0,0,0,0,1,0,0,0,0,0,0,0,0,0,0,0,0,0,0,0
207, Corn,https://i.insider.com/5b48b96820e3a826008b4621,,,,,,0,0,1,0,0,0,1,0,0,0,0,0,0,0,0,0,0,0,0,0,0,0,0,0,0,0,0,0,0,0,0,0,0,0,0,0,0,0,0,0,0,0,0,0,0,0,0,0,0,0,1,0,0,0,0,0,0,0,0,0,0,0
208, Apples,https://i.insider.com/5ad6601858702a30518b4580,,,,,,0,0,1,0,0,0,0,0,1,0,0,0,0,0,0,0,0,0,0,0,0,0,0,0,0,0,0,0,0,0,0,0,0,0,0,0,0,0,0,0,0,0,0,0,0,0,0,0,0,0,0,0,0,0,0,0,0,1,0,0,0,0
209, Strawberries (and many Others),https://i.insider.com/5c5cb15deb3ce810346c7964,,,,,,0,0,1,0,0,0,0,0,0,0,0,1,0,0,0,0,0,0,0,0,0,0,0,0,0,0,0,0,0,0,0,0,0,0,0,0,0,0,0,0,0,0,0,0,0,0,0,0,0,0,0,0,0,0,0,0,0,0,1,0,0,0
210, Peaches,https://i.insider.com/5c5ca710eb3ce815e519c154,,,,,,0,0,1,0,0,0,0,0,0,0,1,0,0,0,0,0,0,0,0,0,0,0,0,0,0,0,0,0,0,0,0,0,0,0,0,0,0,0,0,0,0,0,0,0,0,0,0,0,0,0,0,0,0,0,0,0,0,0,0,1,0,0
211, Sweet potatoes,https://i.insider.com/5c005a298c39b60e7324b2d2,,,,,,0,0,0,0,1,0,1,0,0,0,0,0,0,0,0,0,0,0,0,0,0,0,0,0,0,0,0,0,0,1,0,0,0,0,0,0,0,0,0,0,0,0,0,0,0,0,0,0,0,0,0,0,0,0,0,0,0,0,0,0,0,0
212, Rice,https://i.insider.com/5c632101eb3ce8208c21fc64,,,,,,0,0,0,0,0,1,1,0,0,0,0,0,0,0,0,0,0,0,0,0,0,0,0,0,0,0,0,0,0,0,0,0,0,0,0,1,0,0,0,0,0,0,0,0,0,0,0,0,0,0,0,0,0,0,0,0,0,0,0,0,0,0
213, Corn,https://i.insider.com/5ba2720b9c888d19078b456b,,,,,,0,0,1,0,0,0,1,0,0,0,0,0,0,0,0,0,0,0,0,0,0,0,0,0,0,0,0,0,0,0,0,0,0,0,0,0,0,0,1,0,0,0,0,0,0,0,0,0,0,0,0,0,0,0,0,0,0,0,0,0,0,0
214, Chile peppers,https://i.insider.com/58c6f8170beac522008b4a4b,,,,,,0,0,1,0,0,0,0,0,1,0,0,0,0,0,0,0,0,0,0,0,0,0,0,0,0,0,0,0,0,0,0,0,0,0,0,0,0,0,0,0,0,0,1,0,0,0,0,0,0,0,0,0,0,0,0,0,0,0,0,0,0,0
215, Potatoes,https://i.insider.com/5bb78a1b011455071c0b3eec,,,,,,0,0,0,0,1,0,0,0,1,0,0,0,0,1,0,0,0,0,0,0,0,0,0,0,0,0,0,0,0,0,0,0,0,0,0,0,0,0,0,0,0,0,0,0,0,0,0,0,0,0,0,0,0,0,0,0,0,0,0,0,0,0
216, Lettuce,https://i.insider.com/5a58f55b55ac5635008b4579,,,,,,0,0,0,1,0,0,1,0,0,0,0,0,0,0,1,0,0,0,0,0,0,0,0,0,0,0,0,0,0,0,0,0,0,0,0,0,0,0,0,0,0,0,0,0,0,0,0,0,0,0,0,0,0,0,0,0,0,0,0,0,0,0
217, Potatoes,https://i.insider.com/5bb788bd01145533656c2c95,,,,,,0,0,1,0,0,0,0,0,1,0,0,0,0,0,0,0,0,0,0,0,0,0,0,1,0,0,0,0,0,0,0,0,0,0,0,0,0,0,0,0,0,0,0,0,0,0,0,0,0,0,0,0,0,0,0,0,0,0,0,0,0,0
218, Soybeans,https://i.insider.com/5ba28e869c888df6038b4568,,,,,,0,0,0,0,0,1,1,0,0,0,0,0,0,0,0,0,0,0,0,0,0,0,0,0,0,0,1,0,0,0,0,0,0,0,0,0,0,0,0,0,0,0,0,0,0,0,0,0,0,0,0,0,0,0,0,0,0,0,0,0,0,0
219, Peas,https://i.insider.com/5c5cb2f9eb3ce802d6635bc5,,,,,,0,0,0,0,0,1,0,0,1,0,0,0,0,0,0,0,0,0,0,0,0,0,0,0,0,0,0,0,0,0,0,0,0,0,0,0,0,0,0,0,0,0,0,0,0,0,0,0,0,0,0,0,0,0,0,0,0,0,0,0,1,0
220, Apples,https://i.insider.com/5c5c9f17eb3ce8134367a4e8,,,,,,0,0,0,0,0,1,0,0,0,0,1,0,0,0,0,0,0,0,0,0,0,0,0,0,0,0,0,0,0,0,0,0,0,0,0,0,0,0,0,0,1,0,0,0,0,0,0,0,0,0,0,0,0,0,0,0,0,0,0,0,0,0
221, Cranberries,https://i.insider.com/5c5c9630eb3ce849f977e552,,,,,,0,0,1,0,0,0,1,0,0,0,0,0,0,0,0,0,0,0,0,0,0,0,0,0,0,0,0,0,0,0,0,0,1,0,0,0,0,0,0,0,0,0,0,0,0,0,0,0,0,0,0,0,0,0,0,0,0,0,0,0,0,0
222, Tomatoes,https://i.insider.com/5b71d7abbda1c729008b45af,,,,,,0,0,1,0,0,0,0,0,0,0,1,0,0,0,0,0,0,0,0,0,0,0,0,0,0,1,0,0,0,0,0,0,0,0,0,0,0,0,0,0,0,0,0,0,0,0,0,0,0,0,0,0,0,0,0,0,0,0,0,0,0,0
223, Rice,https://i.insider.com/5c5cade5eb3ce801d74fe223,,,,,,0,0,1,0,0,0,0,0,1,0,0,0,0,0,0,0,0,0,0,0,0,0,0,0,0,0,0,0,0,0,0,0,0,0,0,0,0,0,0,0,0,0,0,0,0,0,0,0,0,0,0,0,0,0,1,0,0,0,0,0,0,0
224, Cabbage,https://i.insider.com/598a170eb9cd6c2f008b490b,,,,,,0,0,0,1,0,0,0,0,1,0,0,0,0,0,0,0,0,0,0,0,0,0,0,0,0,0,0,0,0,0,0,0,0,0,0,0,0,0,0,0,0,0,0,1,0,0,0,0,0,0,0,0,0,0,0,0,0,0,0,0,0,0
225, Lentils,https://i.insider.com/5c5c9c6beb3ce812b73b2353,,,,,,0,0,0,0,1,0,0,0,1,0,0,0,0,0,0,0,0,0,0,0,0,0,0,0,0,0,0,0,0,0,0,0,0,0,0,0,0,1,0,0,0,0,0,0,0,0,0,0,0,0,0,0,0,0,0,0,0,0,0,0,0,0
226, Peaches,https://i.insider.com/5c5ca710eb3ce815e519c154,,,,,,0,0,0,0,0,1,0,0,1,0,0,0,0,0,0,0,0,0,0,0,0,0,0,0,0,0,0,0,0,0,0,0,0,0,0,0,0,0,0,0,0,0,0,0,0,0,0,0,0,1,0,0,0,0,0,0,0,0,0,0,0,0
227, Grapes,https://i.insider.com/5aba6f5c32167424008b45b7,,,,,,0,0,1,0,0,0,0,0,1,0,0,0,0,0,0,0,1,0,0,0,0,0,0,0,0,0,0,0,0,0,0,0,0,0,0,0,0,0,0,0,0,0,0,0,0,0,0,0,0,0,0,0,0,0,0,0,0,0,0,0,0,0
228, Watermelon,https://i.insider.com/594bd0f2298d4a22008b45b6,,,,,,0,0,0,1,0,0,0,0,1,0,0,0,0,0,0,0,0,0,0,1,0,0,0,0,0,0,0,0,0,0,0,0,0,0,0,0,0,0,0,0,0,0,0,0,0,0,0,0,0,0,0,0,0,0,0,0,0,0,0,0,0,0
229, Macadamia nuts,https://i.insider.com/5c5c7313eb3ce84286044ca3,,,,,,0,0,1,0,0,0,1,0,0,0,0,0,0,0,0,0,0,0,0,0,0,0,1,0,0,0,0,0,0,0,0,0,0,0,0,0,0,0,0,0,0,0,0,0,0,0,0,0,0,0,0,0,0,0,0,0,0,0,0,0,0,0
230, Potatoes,https://i.insider.com/5c5c92f9eb3ce80fce619f34,,,,,,0,0,1,0,0,0,0,0,1,0,0,0,0,0,0,0,0,0,0,0,0,0,0,0,0,0,0,0,0,0,1,0,0,0,0,0,0,0,0,0,0,0,0,0,0,0,0,0,0,0,0,0,0,0,0,0,0,0,0,0,0,0
231, Wheat,https://i.insider.com/5c5c5ca8eb3ce86aa00c2c74,,,,,,0,0,1,0,0,0,0,0,0,0,0,1,0,0,0,0,0,0,0,0,0,0,0,0,0,0,0,1,0,0,0,0,0,0,0,0,0,0,0,0,0,0,0,0,0,0,0,0,0,0,0,0,0,0,0,0,0,0,0,0,0,0
232, Dry beans,https://i.insider.com/594adee216160f1b008b456e,,,,,,0,0,0,0,0,1,0,0,1,0,0,0,0,0,0,0,0,0,0,0,0,0,0,0,0,0,0,0,0,0,0,0,0,0,0,0,0,0,0,0,0,0,0,0,0,1,0,0,0,0,0,0,0,0,0,0,0,0,0,0,0,0
233, Peanuts,https://i.insider.com/5c5b5e99eb3ce84c0f72abc3,,,,,,0,0,0,0,0,1,0,0,1,0,0,0,1,0,0,0,0,0,0,0,0,0,0,0,0,0,0,0,0,0,0,0,0,0,0,0,0,0,0,0,0,0,0,0,0,0,0,0,0,0,0,0,0,0,0,0,0,0,0,0,0,0
234, Rice,https://i.insider.com/5c5c4e24eb3ce8306b545ed8,,,,,,0,0,0,0,0,1,0,0,1,0,0,0,0,0,0,1,0,0,0,0,0,0,0,0,0,0,0,0,0,0,0,0,0,0,0,0,0,0,0,0,0,0,0,0,0,0,0,0,0,0,0,0,0,0,0,0,0,0,0,0,0,0
235, Blueberries,https://i.insider.com/55d36369371d22472c8be8f5,,,,,,0,0,1,0,0,0,0,0,0,0,1,0,0,0,0,0,0,0,0,0,0,1,0,0,0,0,0,0,0,0,0,0,0,0,0,0,0,0,0,0,0,0,0,0,0,0,0,0,0,0,0,0,0,0,0,0,0,0,0,0,0,0
236, Cherries,https://i.insider.com/5c5c980beb3ce84a622cfa54,,,,,,0,0,0,0,1,0,0,0,1,0,0,0,0,0,0,0,0,0,0,0,0,0,0,0,0,0,0,0,0,0,0,0,0,1,0,0,0,0,0,0,0,0,0,0,0,0,0,0,0,0,0,0,0,0,0,0,0,0,0,0,0,0
237, Tart cherries,https://i.insider.com/5666033cc2814424008b8251,,,,,,0,0,1,0,0,0,1,0,0,0,0,0,0,0,0,0,0,0,0,0,0,0,0,0,0,0,0,0,0,0,0,0,0,0,0,0,0,0,0,0,0,0,0,0,0,0,0,0,0,0,0,0,0,0,0,1,0,0,0,0,0,0
238, Peanuts,https://i.insider.com/527b91b86bb3f77155df1749,,,,,,0,0,1,0,0,0,0,0,0,0,1,0,0,0,0,0,0,0,0,0,0,0,0,0,0,0,0,0,0,0,0,0,0,0,0,0,0,0,0,0,0,0,0,0,0,0,0,1,0,0,0,0,0,0,0,0,0,0,0,0,0,0
239, Tomatoes,https://i.insider.com/5c5c9ff8eb3ce84ca62ec034,,,,,,0,0,0,0,0,1,0,0,0,0,1,0,0,0,0,0,0,0,0,0,0,0,0,0,0,0,0,0,0,0,0,0,0,0,0,0,0,0,0,0,0,1,0,0,0,0,0,0,0,0,0,0,0,0,0,0,0,0,0,0,0,0
240, Pumpkins,https://i.insider.com/5c5c7721eb3ce802602fe205,,,,,,0,0,1,0,0,0,0,0,0,0,1,0,0,0,0,0,0,0,0,0,0,0,0,0,1,0,0,0,0,0,0,0,0,0,0,0,0,0,0,0,0,0,0,0,0,0,0,0,0,0,0,0,0,0,0,0,0,0,0,0,0,0
241, Melons,https://i.insider.com/5c06de695930f85fbd2bce42,,,,,,0,0,0,0,1,0,0,0,1,0,0,0,0,0,0,0,0,0,0,0,0,0,0,0,0,0,0,0,0,0,0,0,0,0,0,0,0,0,0,0,0,0,0,0,0,0,0,0,0,0,0,1,0,0,0,0,0,0,0,0,0,0
242, Soybeans,https://i.insider.com/5c5c9af5eb3ce84b5777ef53,,,,,,0,0,1,0,0,0,1,0,0,0,0,0,0,0,0,0,0,0,0,0,0,0,0,0,0,0,0,0,0,0,0,0,0,0,0,0,1,0,0,0,0,0,0,0,0,0,0,0,0,0,0,0,0,0,0,0,0,0,0,0,0,0
243, Sweet potato,https://i.insider.com/5c5ca317eb3ce84d94779bf3,,,,,,0,0,0,1,0,0,0,0,1,0,0,0,0,0,0,0,0,0,0,0,0,0,0,0,0,0,0,0,0,0,0,0,0,0,0,0,0,0,0,0,0,0,0,0,1,0,0,0,0,0,0,0,0,0,0,0,0,0,0,0,0,0
244, Oranges,https://i.insider.com/56b10610dd0895bc798b46eb,,,,,,0,0,1,0,0,0,0,0,1,0,0,0,0,0,0,0,0,0,0,0,1,0,0,0,0,0,0,0,0,0,0,0,0,0,0,0,0,0,0,0,0,0,0,0,0,0,0,0,0,0,0,0,0,0,0,0,0,0,0,0,0,0
245, Maple syrup,https://i.insider.com/5a7e1a97daa01798018b466e,,,,,,0,0,0,0,1,0,1,0,0,0,0,0,0,0,0,0,0,0,0,0,0,0,0,0,0,0,0,0,0,0,0,0,0,0,0,0,0,0,0,0,0,0,0,0,0,0,0,0,0,0,0,0,0,0,0,0,1,0,0,0,0,0
246, Sugar beet,https://i.insider.com/5c5c6828eb3ce84096503a93,,,,,,0,0,1,0,0,0,0,0,1,0,0,0,0,0,0,0,0,1,0,0,0,0,0,0,0,0,0,0,0,0,0,0,0,0,0,0,0,0,0,0,0,0,0,0,0,0,0,0,0,0,0,0,0,0,0,0,0,0,0,0,0,0
247, Corn,https://i.insider.com/5c5c9092eb3ce8076751f705,,,,,,0,0,1,0,0,0,0,0,1,0,0,0,0,0,0,0,0,0,0,0,0,0,0,0,0,0,0,0,1,0,0,0,0,0,0,0,0,0,0,0,0,0,0,0,0,0,0,0,0,0,0,0,0,0,0,0,0,0,0,0,0,0
248, Spinach,https://i.insider.com/5acbc606facba849008b45c0,,,,,,0,0,1,0,0,0,0,0,1,0,0,0,0,0,0,0,0,0,0,0,0,0,0,0,0,0,0,0,0,0,0,1,0,0,0,0,0,0,0,0,0,0,0,0,0,0,0,0,0,0,0,0,0,0,0,0,0,0,0,0,0,0
249, Tomatoes,https://i.insider.com/5c5cac7aeb3ce80ecc0fe9d7,,,,,,0,0,0,0,0,1,0,0,1,0,0,0,0,0,0,0,0,0,0,0,0,0,0,0,0,0,0,0,0,0,0,0,0,0,0,0,0,0,0,0,0,0,0,0,0,0,0,0,0,0,0,0,0,1,0,0,0,0,0,0,0,0
250, Corn,https://i.insider.com/5ace3cedfacba81f008b462a,,,,,,0,0,0,0,0,1,1,0,0,0,0,0,0,0,0,0,0,0,0,0,0,0,0,0,0,0,0,0,0,0,0,0,0,0,0,0,0,0,0,0,0,0,0,0,0,0,0,0,0,0,0,0,0,0,0,0,0,0,0,0,0,1
